Product ID,Product Name,Revenue,Profit,Quantity
FUR-BO-10000112,"Bush Birmingham Collection Bookcase, Dark Cherry",825.174,-117.882,9
FUR-BO-10000330,"Sauder Camden County Barrister Bookcase, Planked Cherry Finish",1064.624,24.19600000000004,10
FUR-BO-10000362,Sauder Inglewood Library Bookcases,2154.348,311.1836,14
FUR-BO-10000468,O'Sullivan 2-Shelf Heavy-Duty Bookcases,723.842,-133.1092,21
FUR-BO-10000711,"Hon Metal Bookcases, Gray",851.76,229.9752,12
FUR-BO-10000780,O'Sullivan Plantations 2-Door Library in Landvery Oak,2946.3668,-767.7436,22
FUR-BO-10001337,O'Sullivan Living Dimensions 2-Shelf Bookcases,2970.059,-78.637,28
FUR-BO-10001519,O'Sullivan 3-Shelf Heavy-Duty Bookcases,1119.195,147.0942,22
FUR-BO-10001567,"Bush Westfield Collection Bookcases, Dark Cherry Finish, Fully Assembled",90.882,-190.8522,3
FUR-BO-10001601,"Sauder Mission Library with Doors, Fruitwood Finish",935.1972,-125.74080000000001,10
FUR-BO-10001608,"Hon Metal Bookcases, Black",1570.0776,-26.972400000000007,30
FUR-BO-10001619,O'Sullivan Cherrywood Estates Traditional Bookcase,424.90000000000003,27.19359999999998,6
FUR-BO-10001798,Bush Somerset Collection Bookcase,1263.9569999999999,-56.321399999999976,12
FUR-BO-10001811,"Atlantic Metals Mobile 5-Shelf Bookcases, Custom Colors",5492.885,15.048999999999495,26
FUR-BO-10001918,"Sauder Forest Hills Library with Doors, Woodland Oak Finish",1014.174,-418.548,10
FUR-BO-10001972,O'Sullivan 4-Shelf Bookcase in Odessa Pine,2740.197,-975.0988,37
FUR-BO-10002202,"Atlantic Metals Mobile 2-Shelf Bookcases, Custom Colors",544.6148000000001,-310.8642,5
FUR-BO-10002206,"Bush Saratoga Collection 5-Shelf Bookcase, Hanover Cherry, *Special Order",119.833,-12.6882,1
FUR-BO-10002213,DMI Eclipse Executive Suite Bookcases,11046.609,90.17639999999939,27
FUR-BO-10002213,"Sauder Forest Hills Library, Woodland Oak Finish",1875.034,-70.49,15
FUR-BO-10002268,Sauder Barrister Bookcases,754.7336,-294.7672,16
FUR-BO-10002545,"Atlantic Metals Mobile 3-Shelf Bookcases, Custom Colors",7539.7122,780.3302000000001,35
FUR-BO-10002598,"Hon Metal Bookcases, Putty",1320.228,362.7078,19
FUR-BO-10002613,"Atlantic Metals Mobile 4-Shelf Bookcases, Custom Colors",5184.081,-126.44100000000003,27
FUR-BO-10002824,Bush Mission Pointe Library,748.8607999999999,24.156800000000004,6
FUR-BO-10002853,O'Sullivan 5-Shelf Heavy-Duty Bookcases,540.804,-12.290999999999997,9
FUR-BO-10002916,"Rush Hierlooms Collection 1"" Thick Stackable Bookcases",2487.759,410.352,15
FUR-BO-10003034,"O'Sullivan Elevations Bookcase, Cherry Finish",1912.308,-68.10959999999997,18
FUR-BO-10003159,"Sauder Camden County Collection Libraries, Planked Cherry Finish",1909.8178,-78.18639999999999,19
FUR-BO-10003272,O'Sullivan Living Dimensions 5-Shelf Bookcases,3420.7704,-755.7515999999999,21
FUR-BO-10003404,"Global Adaptabilites Bookcase, Cherry/Storm Gray Finish",3447.84,206.8703999999999,8
FUR-BO-10003433,Sauder Cornerstone Collection Library,322.192,-81.1676,14
FUR-BO-10003441,"Bush Westfield Collection Bookcases, Fully Assembled",1809.9182,111.80139999999996,26
FUR-BO-10003450,"Bush Westfield Collection Bookcases, Dark Cherry Finish",649.376,-97.4064,14
FUR-BO-10003546,Hon 4-Shelf Metal Bookcases,1474.308,-191.86200000000002,22
FUR-BO-10003660,"Bush Cubix Collection Bookcases, Fully Assembled",729.2339999999999,48.6156,4
FUR-BO-10003893,Sauder Camden County Collection Library,1368.2620000000002,-103.482,16
FUR-BO-10003894,"Safco Value Mate Steel Bookcase, Baked Enamel Finish on Steel, Black",802.074,106.47,14
FUR-BO-10003965,O'Sullivan Manor Hill 2-Door Library in Brianna Oak,1646.9180000000001,-285.9484,12
FUR-BO-10003966,"Sauder Facets Collection Library, Sky Alder Finish",1427.683,-8.549000000000031,10
FUR-BO-10004015,"Bush Andora Bookcase, Maple/Graphite Gray Finish",3317.7235,135.58869999999973,34
FUR-BO-10004218,"Bush Heritage Pine Collection 5-Shelf Bookcase, Albany Pine Finish, *Special Order",3626.0056,-208.6504,34
FUR-BO-10004357,O'Sullivan Living Dimensions 3-Shelf Bookcases,2904.161,-170.83300000000008,17
FUR-BO-10004360,Rush Hierlooms Collection Rich Wood Bookcases,489.37919999999997,-70.8312,4
FUR-BO-10004409,"Safco Value Mate Series Steel Bookcases, Baked Enamel Finish on Steel, Gray",858.858,-9.937200000000004,17
FUR-BO-10004467,Bestar Classic Bookcase,1897.8102,-612.9386999999999,31
FUR-BO-10004690,O'Sullivan Cherrywood Estates Traditional Barrister Bookcase,1072.344,-78.36359999999999,9
FUR-BO-10004695,O'Sullivan 2-Door Barrister Bookcase in Odessa Pine,4886.46,566.4673999999999,31
FUR-BO-10004709,"Bush Westfield Collection Bookcases, Medium Cherry Finish",1426.8878,-20.293000000000006,32
FUR-BO-10004834,"Riverside Palais Royal Lawyers Bookcase, Royale Cherry Finish",15610.9656,-669.5448000000002,24
FUR-CH-10000015,Hon Multipurpose Stacking Arm Chairs,6584.64,814.4160000000002,36
FUR-CH-10000155,Global Comet Stacking Armless Chair,3528.79,514.366,14
FUR-CH-10000225,"Global Geo Office Task Chair, Gray",2793.808,-360.36500000000035,41
FUR-CH-10000229,Global Enterprise Series Seating High-Back Swivel/Tilt Chairs,2032.35,-460.6660000000002,10
FUR-CH-10000309,Global Comet Stacking Arm Chair,6084.144,697.1415,17
FUR-CH-10000422,Global Highback Leather Tilter in Burgundy,2647.809,49.13459999999999,34
FUR-CH-10000454,"Hon Deluxe Fabric Upholstered Stacking Chairs, Rounded Back",10637.528,1927.442,51
FUR-CH-10000513,High-Back Leather Manager's Chair,4770.633,-197.5848,42
FUR-CH-10000553,"Metal Folding Chairs, Beige, 4/Carton",685.588,115.73539999999998,23
FUR-CH-10000595,Safco Contoured Stacking Chairs,5697.76,870.16,27
FUR-CH-10000665,"Global Airflow Leather Mesh Back Chair, Black",3955.676,573.7239999999997,32
FUR-CH-10000749,Office Star - Ergonomic Mid Back Chair with 2-Way Adjustable Arms,2207.956,231.6544000000001,13
FUR-CH-10000785,Global Ergonomic Managers Chair,6008.536,785.4532,39
FUR-CH-10000847,Global Executive Mid-Back Manager's Chair,4626.582,750.7284,18
FUR-CH-10000863,Novimex Swivel Fabric Task Chair,2913.9139999999998,-445.391,25
FUR-CH-10000988,Hon Olson Stacker Stools,5294.456,833.5952,44
FUR-CH-10001146,"Global Task Chair, Black",463.099,-80.4062,12
FUR-CH-10001146,"Global Value Mid-Back Manager's Chair, Gray",1978.9250000000002,197.89249999999998,39
FUR-CH-10001190,Global Deluxe High-Back Office Chair in Storm,1744.472,-206.9692,16
FUR-CH-10001215,Global Troy Executive Leather Low-Back Tilter,12975.382,951.862,32
FUR-CH-10001270,Harbour Creations Steel Folding Chair,2670.465,446.0976,40
FUR-CH-10001394,Global Leather Executive Chair,5861.532999999999,701.9799999999998,21
FUR-CH-10001482,Office Star - Mesh Screen back chair with Vinyl seat,2200.464,-130.98000000000002,20
FUR-CH-10001545,Hon Comfortask Task/Swivel Chairs,1686.904,-36.4736,18
FUR-CH-10001708,Office Star - Contemporary Swivel Chair with Padded Adjustable Arms and Flex Back,3989.734,425.75959999999986,32
FUR-CH-10001714,"Global Leather & Oak Executive Chair, Burgundy",1689.968,-114.6764,13
FUR-CH-10001797,"Safco Chair Connectors, 6/Carton",881.192,170.85119999999998,26
FUR-CH-10001802,Hon Every-Day Chair Series Swivel Task Chairs,967.84,12.097999999999992,10
FUR-CH-10001854,Office Star - Professional Matrix Back Chair with 2-to-1 Synchro Tilt and Mesh Fabric Seat,8774.5,1305.6456,28
FUR-CH-10001891,Global Deluxe Office Fabric Chairs,1420.504,229.3922,17
FUR-CH-10001973,Office Star Flex Back Scooter Chair with White Frame,1775.68,-228.61880000000002,21
FUR-CH-10002017,SAFCO Optional Arm Kit for Workspace Cribbage Stacking Chair,245.088,14.9184,12
FUR-CH-10002024,HON 5400 Series Task Chairs for Big and Tall,21870.576,1.1368683772161603e-13,39
FUR-CH-10002044,"Office Star - Contemporary Task Swivel chair with 2-way adjustable arms, Plum",694.194,-158.48579999999998,7
FUR-CH-10002073,Hon Olson Stacker Chairs,5427.99,1292.1264,22
FUR-CH-10002084,Hon Mobius Operator's Chair,2705.7799999999997,499.3394,23
FUR-CH-10002126,Hon Deluxe Fabric Upholstered Stacking Chairs,2586.1879999999996,-48.7959999999997,15
FUR-CH-10002304,"Global Stack Chair without Arms, Black",901.5060000000001,44.166,44
FUR-CH-10002317,Global Enterprise Series Seating Low-Back Swivel/Tilt Chairs,207.184,25.898,1
FUR-CH-10002320,Hon Pagoda Stacking Chairs,6483.796,1540.7040000000002,22
FUR-CH-10002331,Hon 4700 Series Mobuis Mid-Back Task Chairs with Adjustable Arms,7582.374,832.9931999999998,24
FUR-CH-10002335,Hon GuestStacker Chair,6936.102,1233.0848,34
FUR-CH-10002372,Office Star - Ergonomically Designed Knee Chair,1311.876,-42.109599999999965,19
FUR-CH-10002439,"Iceberg Nesting Folding Chair, 19w x 6d x 43h",1589.406,253.8392,31
FUR-CH-10002602,DMI Arturo Collection Mission-style Design Wood Chair,4619.987999999999,486.15560000000005,37
FUR-CH-10002647,"Situations Contoured Folding Chairs, 4/Set",3641.274,234.23400000000004,64
FUR-CH-10002758,"Hon Deluxe Fabric Upholstered Stacking Chairs, Squared Back",1268.696,73.194,7
FUR-CH-10002774,"Global Deluxe Stacking Chair, Gray",764.7,76.9798,19
FUR-CH-10002780,Office Star - Task Chair with Contemporary Loop Arms,600.4680000000001,47.3096,8
FUR-CH-10002880,"Global High-Back Leather Tilter, Burgundy",5436.158,-474.74140000000006,54
FUR-CH-10002961,"Leather Task Chair, Black",1437.4840000000002,54.588,19
FUR-CH-10002965,"Global Leather Highback Executive Chair with Pneumatic Height Adjustment, Black",5989.204,267.3034000000001,39
FUR-CH-10003061,"Global Leather Task Chair, Black",1448.839,63.892899999999806,19
FUR-CH-10003199,Office Star - Contemporary Task Swivel Chair,1842.268,155.372,20
FUR-CH-10003298,"Office Star - Contemporary Task Swivel chair with Loop Arms, Charcoal",3680.538,-491.1750000000001,35
FUR-CH-10003312,Hon 2090 “Pillow Soft” Series Mid Back Swivel/Tilt Chairs,5282.424,-989.0496,24
FUR-CH-10003379,Global Commerce Series High-Back Swivel/Tilt Chairs,7979.4400000000005,926.1850000000001,33
FUR-CH-10003396,Global Deluxe Steno Chair,1770.54,-216.31380000000001,29
FUR-CH-10003535,"Global Armless Task Chair, Royal Blue",1396.442,-20.73320000000001,28
FUR-CH-10003606,SAFCO Folding Chair Trolley,705.32,151.3232,6
FUR-CH-10003746,Hon 4070 Series Pagoda Round Back Stacking Chairs,5906.032,1052.8144,21
FUR-CH-10003761,Global Italian Leather Office Chair,969.252,204.3288,8
FUR-CH-10003774,"Global Wood Trimmed Manager's Task Chair, Khaki",4166.884,-503.1194,59
FUR-CH-10003817,"Global Value Steno Chair, Gray",2204.862,245.99699999999999,43
FUR-CH-10003833,Novimex Fabric Task Chair,1890.3799999999999,-131.107,39
FUR-CH-10003846,Hon Valutask Swivel Chairs,1242.054,139.3524,13
FUR-CH-10003956,Novimex High-Tech Fabric Mesh Task Chair,922.74,-133.4424000000001,16
FUR-CH-10003968,Novimex Turbo Task Chair,1341.522,-32.65079999999999,22
FUR-CH-10003973,GuestStacker Chair with Chrome Finish Legs,9070.944,773.2608,31
FUR-CH-10003981,Global Commerce Series Low-Back Swivel/Tilt Chairs,4420.0560000000005,41.11679999999912,24
FUR-CH-10004063,Global Deluxe High-Back Manager's Chair,12325.75,1970.3937999999996,51
FUR-CH-10004086,Hon 4070 Series Pagoda Armless Upholstered Stacking Chairs,8430.997,1388.6348,34
FUR-CH-10004218,"Global Fabric Manager's Chair, Dark Gray",3150.576,499.851,35
FUR-CH-10004287,SAFCO Arco Folding Chair,12283.276,1257.5151999999994,59
FUR-CH-10004289,Global Super Steno Chair,2389.902,-1.2434497875801753e-13,30
FUR-CH-10004477,"Global Push Button Manager's Chair, Indigo",2185.951,283.74739999999997,44
FUR-CH-10004495,"Global Leather and Oak Executive Chair, Black",6450.234,868.5591999999995,36
FUR-CH-10004540,Global Chrome Stack Chair,815.864,15.0832,32
FUR-CH-10004626,Office Star Flex Back Scooter Chair with Aluminum Finish Frame,1947.1770000000001,413.649,20
FUR-CH-10004675,"Lifetime Advantage Folding Chairs, 4/Carton",6146.412,1244.2964,42
FUR-CH-10004698,"Padded Folding Chairs, Black, 4/Carton",1830.1480000000001,80.98000000000013,30
FUR-CH-10004754,"Global Stack Chair with Arms, Black",803.464,125.0166,31
FUR-CH-10004853,"Global Manager's Adjustable Task Chair, Storm",2959.208,493.7045999999998,23
FUR-CH-10004860,Global Low Back Tilter Chair,1746.9540000000002,-246.3912000000001,21
FUR-CH-10004875,Harbour Creations 67200 Series Stacking Chairs,1501.8980000000001,254.8244,24
FUR-CH-10004886,Bevis Steel Folding Chairs,1775.075,117.059,24
FUR-CH-10004983,Office Star - Mid Back Dual function Ergonomic High Back Chair with 2-Way Adjustable Arms,4185.48,342.8873999999999,31
FUR-CH-10004997,Hon Every-Day Series Multi-Task Chairs,6748.482,281.97,43
FUR-FU-10000010,"DAX Value U-Channel Document Frames, Easel Back",175.938,52.4832,36
FUR-FU-10000023,Eldon Wave Desk Accessories,236.778,88.35,45
FUR-FU-10000073,Deflect-O Glasstique Clear Desk Accessories,124.74,37.037,17
FUR-FU-10000076,24-Hour Round Wall Clock,487.512,180.0198,27
FUR-FU-10000087,"Executive Impressions 14"" Two-Color Numerals Wall Clock",308.99199999999996,94.51520000000001,16
FUR-FU-10000175,DAX Wood Document Frame,159.268,7.6888000000000005,16
FUR-FU-10000193,Tenex Chairmats For Use with Hard Floors,467.712,-129.92,20
FUR-FU-10000206,"GE General Purpose, Extra Long Life, Showcase & Floodlight Incandescent Bulbs",45.396,14.549999999999999,20
FUR-FU-10000221,"Master Caster Door Stop, Brown",176.784,49.3776,38
FUR-FU-10000222,"Seth Thomas 16"" Steel Case Clock",441.72799999999995,28.257600000000004,19
FUR-FU-10000246,Aluminum Document Frame,376.798,84.75199999999998,31
FUR-FU-10000260,"6"" Cubicle Wall Clock, Black",124.586,26.211599999999997,19
FUR-FU-10000277,Deflect-o DuraMat Antistatic Studded Beveled Mat for Medium Pile Carpeting,1685.44,244.3888,18
FUR-FU-10000293,Eldon Antistatic Chair Mats for Low to Medium Pile Carpets,1431.944,46.327600000000004,14
FUR-FU-10000305,"Tenex V2T-RE Standard Weight Series Chair Mat, 45"" x 53"", Lip 25"" x 12""",468.468,51.105599999999995,7
FUR-FU-10000308,Deflect-o Glass Clear Studded Chair Mats,1579.3719999999998,318.3616,26
FUR-FU-10000320,OIC Stacking Trays,82.832,26.720000000000002,30
FUR-FU-10000397,Luxo Economy Swing Arm Lamp,338.98,94.9144,17
FUR-FU-10000409,"GE 4 Foot Flourescent Tube, 40 Watt",98.868,42.2436,7
FUR-FU-10000448,Tenex Chairmats For Use With Carpeted Floors,175.78,8.789,11
FUR-FU-10000521,"Seth Thomas 14"" Putty-Colored Wall Clock",357.948,94.7682,13
FUR-FU-10000550,Stacking Trays by OIC,72.708,9.312600000000002,19
FUR-FU-10000576,Luxo Professional Fluorescent Magnifier Lamp with Clamp-Mount Base,3861.0560000000005,289.5791999999999,23
FUR-FU-10000629,9-3/4 Diameter Round Wall Clock,455.07,183.1312,34
FUR-FU-10000672,"Executive Impressions 10"" Spectator Wall Clock",258.72,87.9648,22
FUR-FU-10000719,"DAX Cubicle Frames, 8-1/2 x 11",145.69,52.4484,17
FUR-FU-10000723,"Deflect-o EconoMat Studded, No Bevel Mat for Low Pile Carpeting",1115.6399999999999,-125.1996,33
FUR-FU-10000732,Eldon 200 Class Desk Accessories,133.136,39.187200000000004,22
FUR-FU-10000747,Tenex B1-RE Series Chair Mats for Low Pile Carpets,1002.3639999999999,124.60579999999996,23
FUR-FU-10000755,Eldon Expressions Mahogany Wood Desk Collection,93.6,23.4,15
FUR-FU-10000758,DAX Natural Wood-Tone Poster Frame,513.712,123.9264,23
FUR-FU-10000771,"Eldon 200 Class Desk Accessories, Smoke",138.16,58.0272,22
FUR-FU-10000794,"Eldon Stackable Tray, Side-Load, Legal, Smoke",155.38,52.8292,17
FUR-FU-10000820,Tensor Brushed Steel Torchiere Floor Lamp,146.114,6.795999999999999,10
FUR-FU-10000965,"Howard Miller 11-1/2"" Diameter Ridgewood Wall Clock",1184.232,448.76160000000004,24
FUR-FU-10001025,"Eldon Imàge Series Desk Accessories, Clear",150.66,48.166599999999995,37
FUR-FU-10001037,"DAX Charcoal/Nickel-Tone Document Frame, 5 x 7",168.744,48.822,23
FUR-FU-10001057,Tensor Track Tree Floor Lamp,299.85,38.180899999999994,17
FUR-FU-10001085,3M Polarizing Light Filter Sleeves,216.34,75.34599999999999,14
FUR-FU-10001095,DAX Black Cherry Wood-Tone Poster Frame,455.456,61.433600000000006,24
FUR-FU-10001185,"Advantus Employee of the Month Certificate Frame, 11 x 13-1/2",822.738,311.7744,28
FUR-FU-10001196,DAX Cubicle Frames - 8x10,125.786,20.772,26
FUR-FU-10001215,"Howard Miller 11-1/2"" Diameter Brentwood Wall Clock",681.454,256.1922,17
FUR-FU-10001290,Executive Impressions Supervisor Wall Clock,867.2599999999999,266.072,21
FUR-FU-10001379,"Executive Impressions 16-1/2"" Circular Wall Clock",58.784,-1.0687999999999995,4
FUR-FU-10001424,Dax Clear Box Frame,96.03,15.364799999999999,14
FUR-FU-10001468,Tenex Antistatic Computer Chair Mats,3317.0119999999997,-530.0380000000001,25
FUR-FU-10001473,DAX Wood Document Frame,477.80400000000003,126.316,40
FUR-FU-10001473,"Eldon Executive Woodline II Desk Accessories, Mahogany",361.87199999999996,50.008700000000005,17
FUR-FU-10001475,"Contract Clock, 14"", Brown",334.096,29.4532,21
FUR-FU-10001487,"Eldon Expressions Wood and Plastic Desk Accessories, Cherry Wood",160.54000000000002,46.5566,23
FUR-FU-10001488,"Tenex 46"" x 60"" Computer Anti-Static Chairmat, Rectangular Shaped",2267.972,148.372,25
FUR-FU-10001546,Dana Swing-Arm Lamps,108.936,-11.213999999999999,15
FUR-FU-10001588,"Deflect-o SuperTray Unbreakable Stackable Tray, Letter, Black",671.14,39.101200000000006,38
FUR-FU-10001591,Advantus Panel Wall Certificate Holder - 8.5x11,270.84,108.092,23
FUR-FU-10001602,"Eldon Delta Triangular Chair Mat, 52"" x 58"", Clear",546.192,17.44779999999998,17
FUR-FU-10001617,"Executive Impressions 8-1/2"" Career Panel/Partition Cubicle Clock",66.56,18.512,7
FUR-FU-10001706,Longer-Life Soft White Bulbs,115.19200000000001,44.7216,44
FUR-FU-10001731,Acrylic Self-Standing Desk Frames,93.984,32.7342,37
FUR-FU-10001756,"Eldon Expressions Desk Accessory, Wood Photo Frame, Mahogany",262.752,-7.616000000000019,20
FUR-FU-10001847,Eldon Image Series Black Desk Accessories,48.852,17.0568,12
FUR-FU-10001852,"Eldon Regeneration Recycled Desk Accessories, Smoke",33.756,8.9088,21
FUR-FU-10001861,"Floodlight Indoor Halogen Bulbs, 1 Bulb per Pack, 60 Watts",434.56,197.104,24
FUR-FU-10001867,"Eldon Expressions Punched Metal & Wood Desk Accessories, Pewter & Cherry",121.296,21.7056,13
FUR-FU-10001876,"Computer Room Manger, 14""",636.6080000000001,179.2896,22
FUR-FU-10001889,Ultra Door Pull Handle,265.104,74.7972,27
FUR-FU-10001918,C-Line Cubicle Keepers Polyproplyene Holder With Velcro Backings,137.17,47.7257,31
FUR-FU-10001934,Magnifier Swing Arm Lamp,251.76,65.4576,12
FUR-FU-10001935,3M Hangers With Command Adhesive,108.04,36.001000000000005,33
FUR-FU-10001940,Staple-based wall hangings,219.696,50.3072,38
FUR-FU-10001967,Telescoping Adjustable Floor Lamp,143.928,-5.997000000000002,10
FUR-FU-10001979,Dana Halogen Swing-Arm Architect Lamp,2425.424,655.5116,60
FUR-FU-10001986,"Dana Fluorescent Magnifying Lamp, White, 36""",581.172,81.568,14
FUR-FU-10002030,"Executive Impressions 14"" Contract Wall Clock with Quartz Movement",97.812,-1.7783999999999978,8
FUR-FU-10002045,"Executive Impressions 14""",377.91,166.2804,17
FUR-FU-10002088,Nu-Dell Float Frame 11 x 14 1/2,170.62,56.0352,22
FUR-FU-10002107,Eldon Pizzaz Desk Accessories,37.464,13.736799999999999,19
FUR-FU-10002111,"Master Caster Door Stop, Large Brown",59.696,14.56,10
FUR-FU-10002116,"Tenex Carpeted, Granite-Look or Clear Contemporary Contour Shape Chair Mats",763.6679999999999,-222.7365,15
FUR-FU-10002157,Artistic Insta-Plaque,156.8,61.152,10
FUR-FU-10002191,G.E. Halogen Desk Lamp Bulbs,76.78,29.5948,13
FUR-FU-10002240,Nu-Dell EZ-Mount Plastic Wall Frames,19.7,0.7879999999999998,8
FUR-FU-10002253,"Howard Miller 13"" Diameter Pewter Finish Round Wall Clock",1047.7359999999999,340.5142,27
FUR-FU-10002268,Ultra Door Push Plate,149.264,37.4142,34
FUR-FU-10002298,"Rubbermaid ClusterMat Chairmats, Mat Size- 66"" x 60"", Lip 20"" x 11"" -90 Degree Angle",2064.228,-173.12879999999998,24
FUR-FU-10002364,"Eldon Expressions Wood Desk Accessories, Oak",183.024,10.110600000000002,33
FUR-FU-10002379,Eldon Econocleat Chair Mats for Low Pile Carpets,331.76,39.8112,8
FUR-FU-10002396,"DAX Copper Panel Document Frame, 5 x 7 Size",171.088,39.7528,18
FUR-FU-10002445,"DAX Two-Tone Rosewood/Black Document Frame, Desktop, 5 x 7",254.06400000000002,89.104,29
FUR-FU-10002456,"Master Caster Door Stop, Large Neon Orange",154.336,42.2968,27
FUR-FU-10002501,Nu-Dell Executive Frame,924.736,285.6472,84
FUR-FU-10002505,Eldon 100 Class Desk Accessories,36.396,-4.8528,18
FUR-FU-10002506,"Tensor ""Hersey Kiss"" Styled Floor Lamp",93.52799999999999,2.0784000000000002,8
FUR-FU-10002508,Document Clip Frames,45.036,16.0128,6
FUR-FU-10002553,"Electrix Incandescent Magnifying Lamp, Black",117.28,-16.4925,5
FUR-FU-10002554,"Westinghouse Floor Lamp with Metal Mesh Shade, Black",167.93,38.6239,7
FUR-FU-10002597,"C-Line Magnetic Cubicle Keepers, Clear Polypropylene",136.344,56.1184,28
FUR-FU-10002671,Electrix 20W Halogen Replacement Bulb for Zoom-In Desk Lamp,168.84,78.256,13
FUR-FU-10002685,"Executive Impressions 13-1/2"" Indoor/Outdoor Wall Clock",56.099999999999994,21.317999999999998,3
FUR-FU-10002703,"Tenex Traditional Chairmats for Hard Floors, Average Lip, 36"" x 48""",180.46,-46.403999999999996,4
FUR-FU-10002759,12-1/2 Diameter Round Wall Clock,711.288,7.204800000000006,56
FUR-FU-10002813,"DAX Contemporary Wood Frame with Silver Metal Mat, Desktop, 11 x 14 Size",291.45599999999996,97.152,15
FUR-FU-10002874,Ultra Commercial Grade Dual Valve Door Closer,63.824,9.57359999999999,2
FUR-FU-10002878,"Seth Thomas 14"" Day/Date Wall Clock",467.072,162.0512,17
FUR-FU-10002885,Magna Visual Magnetic Picture Hangers,84.83200000000001,28.0524,19
FUR-FU-10002918,Eldon ClusterMat Chair Mat with Cordless Antistatic Protection,1200.9360000000001,-256.5636,18
FUR-FU-10002937,"GE 48"" Fluorescent Tube, Cool White Energy Saver, 34 Watts, 30/Box",2699.056,1260.221,29
FUR-FU-10002960,"Eldon 200 Class Desk Accessories, Burgundy",261.248,97.348,45
FUR-FU-10002963,"Master Caster Door Stop, Gray",47.752,14.224,10
FUR-FU-10003026,"Eldon Regeneration Recycled Desk Accessories, Black",39.688,13.116399999999999,9
FUR-FU-10003039,"Howard Miller 11-1/2"" Diameter Grantwood Wall Clock",500.30800000000005,101.7868,14
FUR-FU-10003095,"Linden 12"" Wall Clock With Oak Frame",101.94,30.582,3
FUR-FU-10003096,"Master Giant Foot Doorstop, Safety Yellow",83.49,31.5744,12
FUR-FU-10003142,"Master Big Foot Doorstop, Beige",152.06400000000002,42.768,30
FUR-FU-10003192,Luxo Adjustable Task Clamp Lamp,1545.816,362.46720000000005,18
FUR-FU-10003194,"Eldon Expressions Desk Accessory, Wood Pencil Holder, Oak",108.08,6.754999999999999,15
FUR-FU-10003247,36X48 HARDFLOOR CHAIRMAT,369.248,-40.491400000000006,21
FUR-FU-10003268,Eldon Radial Chair Mat for Low to Medium Pile Carpets,775.612,135.932,20
FUR-FU-10003274,Regeneration Desk Collection,35.903999999999996,15.206399999999999,21
FUR-FU-10003347,Coloredge Poster Frame,298.2,116.298,21
FUR-FU-10003374,Electrix Fluorescent Magnifier Lamps & Weighted Base,463.79600000000005,73.0232,11
FUR-FU-10003394,"Tenex ""The Solids"" Textured Chair Mats",1469.1599999999999,-40.57680000000002,26
FUR-FU-10003424,Nu-Dell Oak Frame,151.656,35.45759999999999,16
FUR-FU-10003464,"Seth Thomas 8 1/2"" Cubicle Clock",210.912,59.217600000000004,11
FUR-FU-10003489,Contemporary Borderless Frame,36.162,3.6162,6
FUR-FU-10003535,Howard Miller Distant Time Traveler Alarm Clock,531.948,192.2142,21
FUR-FU-10003553,"Howard Miller 13-1/2"" Diameter Rosebrook Wall Clock",949.026,247.57199999999997,17
FUR-FU-10003577,Nu-Dell Leatherette Frames,246.64800000000002,81.4512,18
FUR-FU-10003601,"Deflect-o RollaMat Studded, Beveled Mat for Medium Pile Carpeting",1623.248,-343.0956,26
FUR-FU-10003623,"DataProducts Ampli Magnifier Task Lamp, Black,",508.72800000000007,99.5808,21
FUR-FU-10003664,"Electrix Architect's Clamp-On Swing Arm Lamp, Black",2863.8,627.1722000000001,33
FUR-FU-10003691,"Eldon Image Series Desk Accessories, Ebony",180.31,55.821999999999996,18
FUR-FU-10003708,"Tenex Traditional Chairmats for Medium Pile Carpet, Standard Lip, 36"" x 48""",1322.17,172.246,24
FUR-FU-10003724,Westinghouse Clip-On Gooseneck Lamps,279.558,44.1936,38
FUR-FU-10003731,"Eldon Expressions Wood and Plastic Desk Accessories, Oak",149.7,41.916,15
FUR-FU-10003773,Eldon Cleatmat Plus Chair Mats for High Pile Carpets,1304.128,-111.32800000000003,20
FUR-FU-10003798,"Ultra Door Kickplate, 8""H x 34""W",158.24,27.692,10
FUR-FU-10003799,"Seth Thomas 13 1/2"" Wall Clock",316.48400000000004,71.11999999999999,20
FUR-FU-10003806,"Tenex Chairmat w/ Average Lip, 45"" x 53""",2058.496,-529.76,19
FUR-FU-10003829,Stackable Trays,65.29599999999999,17.1248,23
FUR-FU-10003832,"Eldon Expressions Punched Metal & Wood Desk Accessories, Black & Cherry",155.708,20.636,20
FUR-FU-10003849,"DAX Metal Frame, Desktop, Stepped-Edge",161.92,26.1096,11
FUR-FU-10003878,"Linden 10"" Round Wall Clock, Black",253.648,41.8672,21
FUR-FU-10003919,Eldon Executive Woodline II Cherry Finish Desk Accessories,98.13600000000001,-78.5088,6
FUR-FU-10003930,Howard Miller 12-3/4 Diameter Accuwave DS  Wall Clock,786.9,147.9372,14
FUR-FU-10003975,Eldon Advantage Chair Mats for Low to Medium Pile Carpets,563.03,56.30299999999999,13
FUR-FU-10003976,"DAX Executive Solid Wood Document Frame, Desktop or Hang, Mahogany, 5 x 7",196.248,55.1004,17
FUR-FU-10003981,Eldon Wave Desk Accessories,29.952,10.6496,16
FUR-FU-10004006,"Deflect-o DuraMat Lighweight, Studded, Beveled Mat for Low Pile Carpeting",673.87,72.07849999999998,17
FUR-FU-10004017,"Executive Impressions 13"" Chairman Wall Clock",253.8,72.333,11
FUR-FU-10004017,"Tenex Contemporary Contur Chairmats for Low and Medium Pile Carpet, Computer, 39"" x 49""",1010.7819999999999,150.542,10
FUR-FU-10004018,Tensor Computer Mounted Lamp,536.04,144.7308,36
FUR-FU-10004020,Advantus Panel Wall Acrylic Frame,87.52,25.162,20
FUR-FU-10004053,DAX Two-Tone Silver Metal Document Frame,234.784,84.80560000000001,13
FUR-FU-10004071,Luxo Professional Magnifying Clamp-On Fluorescent Lamps,1268.922,106.0902,13
FUR-FU-10004090,"Executive Impressions 14"" Contract Wall Clock",346.788,93.5883,17
FUR-FU-10004091,"Eldon 200 Class Desk Accessories, Black",75.36,28.6368,12
FUR-FU-10004091,"Howard Miller 13"" Diameter Goldtone Round Wall Clock",1042.068,294.3138,27
FUR-FU-10004093,Hand-Finished Solid Wood Document Frame,703.568,208.5644,26
FUR-FU-10004164,"Eldon 300 Class Desk Accessories, Black",29.7,13.068000000000001,6
FUR-FU-10004188,Luxo Professional Combination Clamp-On Lamps,1329.9,345.774,13
FUR-FU-10004245,"Career Cubicle Clock, 8 1/4"", Black",194.68800000000002,68.952,10
FUR-FU-10004270,"Eldon Image Series Desk Accessories, Burgundy",548.192,123.68,51
FUR-FU-10004270,"Executive Impressions 13"" Clairmont Wall Clock",315.372,88.458,20
FUR-FU-10004306,Electrix Halogen Magnifier Lamp,2759.06,314.76599999999996,17
FUR-FU-10004351,Staple-based wall hangings,202.592,71.68639999999999,24
FUR-FU-10004415,"Stacking Tray, Side-Loading, Legal, Smoke",46.592000000000006,-2.8672000000000017,16
FUR-FU-10004460,"Howard Miller 12"" Round Wall Clock",479.33799999999997,127.2996,14
FUR-FU-10004586,G.E. Longer-Life Indoor Recessed Floodlight Bulbs,81.008,25.763199999999998,16
FUR-FU-10004587,"GE General Use Halogen Bulbs, 100 Watts, 1 Bulb per Pack",163.332,3.141000000000002,15
FUR-FU-10004597,Eldon Cleatmat Chair Mats for Medium Pile Carpets,344.1,-42.18000000000001,8
FUR-FU-10004622,Eldon Advantage Foldable Chair Mats for Low Pile Carpets,379.4,-48.78,10
FUR-FU-10004665,"3M Polarizing Task Lamp with Clamp Arm, Light Gray",2191.68,569.8368,16
FUR-FU-10004666,DAX Clear Channel Poster Frame,232.376,68.145,20
FUR-FU-10004671,"Executive Impressions 12"" Wall Clock",176.70000000000002,23.324399999999997,14
FUR-FU-10004712,"Westinghouse Mesh Shade Clip-On Gooseneck Lamp, Black",226.784,30.465400000000002,11
FUR-FU-10004748,"Howard Miller 16"" Diameter Gallery Wall Clock",575.46,107.41919999999999,12
FUR-FU-10004845,"Deflect-o EconoMat Nonstudded, No Bevel Mat",702.44,123.96,14
FUR-FU-10004848,DAX Solid Wood Frames,113.332,33.3157,13
FUR-FU-10004848,"Howard Miller 13-3/4"" Diameter Brushed Chrome Round Wall Clock",1324.8,201.82500000000002,31
FUR-FU-10004864,Eldon 500 Class Desk Accessories,197.948,60.4707,17
FUR-FU-10004864,"Howard Miller 14-1/2"" Diameter Chrome Round Wall Clock",1636.864,375.9672,29
FUR-FU-10004904,"Eldon ""L"" Workstation Diamond Chairmat",1002.936,-267.44960000000003,19
FUR-FU-10004909,Contemporary Wood/Metal Frame,193.92,4.848,18
FUR-FU-10004952,"C-Line Cubicle Keepers Polyproplyene Holder w/Velcro Back, 8-1/2x11, 25/Bx",514.556,23.538199999999996,13
FUR-FU-10004960,"Seth Thomas 12"" Clock w/ Goldtone Case",390.66,132.8244,17
FUR-FU-10004963,"Eldon 400 Class Desk Accessories, Black Carbon",189.24200000000002,38.301500000000004,27
FUR-FU-10004973,Flat Face Poster Frame,779.424,162.8699,57
FUR-TA-10000198,Chromcraft Bull-Nose Wood Oval Conference Tables & Bases,9917.64,-2876.1156,27
FUR-TA-10000577,Bretford CR4500 Series Slim Rectangular Table,7242.768,-532.7613,29
FUR-TA-10000617,"Hon Practical Foundations 30 x 60 Training Table, Light Gray/Charcoal",4334.8275,430.0695,22
FUR-TA-10000688,"Chromcraft Bull-Nose Wood Round Conference Table Top, Wood Base",3354.89,100.211,18
FUR-TA-10000849,Bevis Rectangular Conference Tables,1007.262,-586.8396,13
FUR-TA-10001039,KI Adjustable-Height Table,2764.257,-226.1274,47
FUR-TA-10001086,"SAFCO PlanMaster Boards, 60w x 37-1/2d, White Melamine",2979.004,54.71640000000003,26
FUR-TA-10001095,Chromcraft Round Conference Tables,8209.059,-189.97610000000003,61
FUR-TA-10001307,"SAFCO PlanMaster Heigh-Adjustable Drafting Table Base, 43w x 30d x 30-37h, Black",3739.115,608.043,14
FUR-TA-10001520,"Lesro Sheffield Collection Coffee Table, End Table, Center Table, Corner Table",2298.114,-12.13290000000027,39
FUR-TA-10001539,Chromcraft Rectangular Conference Tables,4952.673,-450.2430000000006,30
FUR-TA-10001676,Hon 61000 Series Interactive Training Tables,653.121,-148.3962,22
FUR-TA-10001691,"Barricks Non-Folding Utility Table with Steel Legs, Laminate Tops",136.464,15.3522,2
FUR-TA-10001705,Bush Advantage Collection Round Conference Table,3401.6,210.47399999999996,19
FUR-TA-10001768,Hon Racetrack Conference Tables,3963.901,-598.5228,22
FUR-TA-10001771,"Bush Cubix Conference Tables, Fully Assembled",3603.288,311.8230000000002,19
FUR-TA-10001857,Balt Solid Wood Rectangular Table,828.0965,-216.2545,11
FUR-TA-10001866,Bevis Round Conference Room Tables and Bases,519.941,-39.443800000000024,4
FUR-TA-10001889,Bush Advantage Collection Racetrack Conference Table,9544.725,-1934.3976,33
FUR-TA-10001932,"Chromcraft 48"" x 96"" Racetrack Double Pedestal Table",5098.176,-404.00640000000004,22
FUR-TA-10001950,Balt Solid Wood Round Tables,6518.754,-1201.0581,19
FUR-TA-10002041,"Bevis Round Conference Table Top, X-Base",2671.421,-519.941,20
FUR-TA-10002228,"Bevis Traditional Conference Table Top, Plinth Base",2033.496,-456.7032,9
FUR-TA-10002356,Bevis Boat-Shaped Conference Table,2542.467,-445.587,15
FUR-TA-10002530,"Iceberg OfficeWorks 42"" Round Tables",3457.442,-392.548,30
FUR-TA-10002533,BPI Conference Tables,2241.8675,-795.9725,26
FUR-TA-10002607,KI Conference Tables,2140.878,-479.2164,44
FUR-TA-10002622,"Bush Andora Conference Table, Maple/Graphite Gray Finish",1436.232,-143.6232,12
FUR-TA-10002645,Hon Rectangular Conference Tables,3481.515,-295.815,20
FUR-TA-10002774,Laminate Occasional Tables,2096.168,-206.5342000000001,18
FUR-TA-10002855,Bevis Round Conference Table Top & Single Column Base,2297.5380000000005,100.97459999999998,19
FUR-TA-10002903,"Bevis Round Bullnose 29"" High Table Top",4544.925,-192.18540000000002,24
FUR-TA-10002958,"Bevis Oval Conference Table, Walnut",6942.068,-856.0144000000001,36
FUR-TA-10003008,"Lesro Round Back Collection Coffee Table, End Table",2847.7799999999997,-328.59,20
FUR-TA-10003238,"Chromcraft Bull-Nose Wood 48"" x 96"" Rectangular Conference Tables",4297.644,-611.5877999999999,11
FUR-TA-10003392,Global Adaptabilities Conference Tables,3540.348,354.03479999999996,14
FUR-TA-10003469,Balt Split Level Computer Training Table,1256.685,-386.621,20
FUR-TA-10003473,Bretford Rectangular Conference Table Tops,13565.5715,-359.35409999999973,53
FUR-TA-10003569,Bretford CR8500 Series Meeting Room Furniture,6776.562,461.12700000000007,21
FUR-TA-10003715,Hon 2111 Invitation Series Corner Table,3140.55,-401.99040000000014,18
FUR-TA-10003748,Bevis 36 x 72 Conference Tables,4332.2519999999995,448.16400000000004,40
FUR-TA-10003837,Anderson Hickey Conga Table Tops & Accessories,51.782,-17.514499999999998,5
FUR-TA-10003954,Hon 94000 Series Round Tables,7404.5,-681.2139999999999,30
FUR-TA-10004086,KI Adjustable-Height Table,2056.694,10.68719999999999,32
FUR-TA-10004147,Hon 4060 Series Tables,1231.56,96.28559999999997,13
FUR-TA-10004152,"Barricks 18"" x 48"" Non-Folding Utility Table with Bottom Storage Shelf",1088.64,-104.832,16
FUR-TA-10004154,"Riverside Furniture Oval Coffee Table, Oval End Table, End Table with Drawer",4446.175,-1147.4,25
FUR-TA-10004175,"Hon 30"" x 60"" Table with Locking Drawer",1296.028,-177.3512,6
FUR-TA-10004256,Bretford “Just In Time” Height-Adjustable Multi-Task Work Tables,5634.9,-964.1940000000001,17
FUR-TA-10004289,BoxOffice By Design Rectangular and Half-Moon Meeting Room Tables,1706.25,-1148.4375,15
FUR-TA-10004442,Riverside Furniture Stanwyck Manor Table Series,917.9200000000001,-415.9325,5
FUR-TA-10004534,Bevis 44 x 96 Conference Tables,3253.2200000000003,-164.72000000000003,20
FUR-TA-10004575,Hon 5100 Series Wood Tables,5965.09,-238.60360000000003,26
FUR-TA-10004607,Hon 2111 Invitation Series Straight Table,2040.054,-115.3074,18
FUR-TA-10004619,Hon Non-Folding Utility Tables,3775.647,541.6539999999999,29
FUR-TA-10004767,Safco Drafting Table,638.8199999999999,34.07039999999995,12
FUR-TA-10004915,"Office Impressions End Table, 20-1/2""H x 24""W x 20""D",5801.816,-66.82720000000003,23
OFF-AP-10000026,Tripp Lite Isotel 6 Outlet Surge Protector with Fax/Modem Protection,1243.788,74.9931,27
OFF-AP-10000027,Hoover Commercial SteamVac,168.392,35.308,14
OFF-AP-10000055,Belkin F9S820V06 8 Outlet Surge,266.336,-120.17599999999999,17
OFF-AP-10000124,Acco 6 Outlet Guardian Basic Surge Suppressor,38.272,-3.6608,7
OFF-AP-10000159,Belkin F9M820V08 8 Outlet Surge,558.74,101.00299999999989,15
OFF-AP-10000179,Honeywell Enviracaire Portable HEPA Air Cleaner for up to 10 x 16 Room,1320.166,417.0244,12
OFF-AP-10000240,Belkin F9G930V10-GRY 9 Outlet Surge,770.112,162.57920000000001,16
OFF-AP-10000252,Harmony HEPA Quiet Air Purifiers,128.7,37.44,12
OFF-AP-10000275,"Sanyo Counter Height Refrigerator with Crisper, 3.6 Cubic Foot, Stainless Steel/Black",5906.5199999999995,1653.8256,18
OFF-AP-10000326,Belkin 7 Outlet SurgeMaster Surge Protector with Phone Protection,157.92,17.766,5
OFF-AP-10000358,Fellowes Basic Home/Office Series Surge Protectors,436.12800000000004,58.2802,41
OFF-AP-10000390,Euro Pro Shark Stick Mini Vacuum,170.744,-325.6332,11
OFF-AP-10000576,"Belkin 325VA UPS Surge Protector, 6'",1379.172,199.617,13
OFF-AP-10000576,Belkin 7 Outlet SurgeMaster II,631.6800000000001,176.87040000000002,16
OFF-AP-10000595,Disposable Triple-Filter Dust Bags,43.7,11.362,10
OFF-AP-10000692,Fellowes Mighty 8 Compact Surge Protector,344.59000000000003,67.2964,19
OFF-AP-10000696,Holmes Odor Grabber,357.616,67.774,30
OFF-AP-10000804,Hoover Portapower Portable Vacuum,61.824,1.3439999999999994,18
OFF-AP-10000828,Avanti 4.4 Cu. Ft. Refrigerator,3511.012,383.6776,24
OFF-AP-10000891,Kensington 7 Outlet MasterPiece HOMEOFFICE Power Control Center,2491.2799999999997,563.816,21
OFF-AP-10000938,Avanti 1.7 Cu. Ft. Refrigerator,2221.56,476.6256,24
OFF-AP-10001005,Honeywell Quietcare HEPA Air Cleaner,1761.76,549.7635,23
OFF-AP-10001058,Sanyo 2.5 Cubic Foot Mid-Size Office Refrigerators,4476.96,956.9502,17
OFF-AP-10001124,Belkin 8 Outlet SurgeMaster II Gold Surge Protector with Phone Protection,647.84,168.4384,8
OFF-AP-10001154,Bionaire Personal Warm Mist Humidifier/Vaporizer,515.79,201.1581,11
OFF-AP-10001205,Belkin 5 Outlet SurgeMaster Power Centers,1776.048,207.02400000000003,40
OFF-AP-10001242,APC 7 Outlet Network SurgeArrest Surge Protector,1207.2,80.47999999999999,20
OFF-AP-10001271,Eureka The Boss Cordless Rechargeable Stick Vac,948.228,241.1354,19
OFF-AP-10001293,Belkin 8 Outlet Surge Protector,1326.036,260.4644,37
OFF-AP-10001303,"Holmes Cool Mist Humidifier for the Whole House with 8-Gallon Output per Day, Extended Life Filter",147.26,48.754999999999995,9
OFF-AP-10001366,Staple holder,186.66000000000003,50.3982,17
OFF-AP-10001391,Kensington 6 Outlet MasterPiece HOMEOFFICE Power Control Center,812.1600000000001,235.52639999999997,9
OFF-AP-10001394,Harmony Air Purifier,1946.7,374.22,13
OFF-AP-10001469,Fellowes 8 Outlet Superior Workstation Surge Protector,759.122,166.84,20
OFF-AP-10001492,"Acco Six-Outlet Power Strip, 4' Cord Length",343.076,81.54520000000001,41
OFF-AP-10001563,Belkin Premiere Surge Master II 8-outlet surge protector,952.168,55.38119999999989,26
OFF-AP-10001564,Hoover Commercial Lightweight Upright Vacuum with E-Z Empty Dirt Cup,1023.3520000000001,-9.303200000000004,6
OFF-AP-10001626,"Commercial WindTunnel Clean Air Upright Vacuum, Replacement Belts, Filtration Bags",50.57,1.6338000000000008,17
OFF-AP-10001634,Hoover Commercial Lightweight Upright Vacuum,18.096,-2.5056000000000003,8
OFF-AP-10001947,Acco 6 Outlet Guardian Premium Plus Surge Suppressor,289.456,-113.7672,31
OFF-AP-10001962,Black & Decker Filter for Double Action Dustbuster Cordless Vac BLDV7210,229.886,53.696000000000005,28
OFF-AP-10002082,Holmes HEPA Air Purifier,239.58,41.382000000000005,14
OFF-AP-10002118,"1.7 Cubic Foot Compact ""Cube"" Office Refrigerators",2706.08,578.6848,14
OFF-AP-10002191,Belkin 8 Outlet SurgeMaster II Gold Surge Protector,737.754,89.97,15
OFF-AP-10002203,Eureka Disposable Bags for Sanitaire Vibra Groomer I Upright Vac,1.624,-4.466,2
OFF-AP-10002222,Staple holder,107.508,25.229699999999998,13
OFF-AP-10002287,"Eureka Sanitaire  Multi-Pro Heavy-Duty Upright, Disposable Bags",83.904,12.7604,22
OFF-AP-10002311,"Holmes Replacement Filter for HEPA Air Cleaner, Very Large Room, HEPA Filter",1383.0810000000001,381.20739999999995,26
OFF-AP-10002350,Belkin F9H710-06 7 Outlet SurgeMaster Surge Protector,516.216,122.8368,29
OFF-AP-10002403,Acco Smartsocket Color-Coded Six-Outlet AC Adapter Model Surge Protectors,448.902,-7.041599999999995,14
OFF-AP-10002439,Tripp Lite Isotel 8 Ultra 8 Outlet Metal Surge,823.252,-17.03280000000001,16
OFF-AP-10002457,"Eureka The Boss Plus 12-Amp Hard Box Upright Vacuum, Red",1674.4,146.51000000000002,20
OFF-AP-10002472,3M Office Air Cleaner,259.8,90.93,10
OFF-AP-10002495,"Acco Smartsocket Table Surge Protector, 6 Color-Coded Adapter Outlets",452.96500000000003,105.485,8
OFF-AP-10002518,Kensington 7 Outlet MasterPiece Power Center,2883.276,229.5941999999999,21
OFF-AP-10002534,3.6 Cubic Foot Counter Height Office Refrigerator,2946.2,-872.0751999999999,18
OFF-AP-10002578,"Fellowes Premier Superior Surge Suppressor, 10-Outlet, With Phone and Remote",929.48,169.2632,21
OFF-AP-10002651,Hoover Upright Vacuum With Dirt Cup,6832.907999999999,460.3526999999999,31
OFF-AP-10002670,Belkin 8-Outlet Premiere SurgeMaster II Surge Protectors,277.92,83.376,4
OFF-AP-10002684,"Acco 7-Outlet Masterpiece Power Center, Wihtout Fax/Phone Line Protection",3039.5,401.214,31
OFF-AP-10002734,Holmes Harmony HEPA Air Purifier for 17 x 20 Room,675.12,290.3016,3
OFF-AP-10002765,Fellowes Advanced Computer Series Surge Protectors,386.75399999999996,100.662,15
OFF-AP-10002867,Fellowes Command Center 5-outlet power strip,664.832,-78.016,15
OFF-AP-10002892,Belkin F5C206VTEL 6 Outlet Surge,464.196,110.30399999999999,22
OFF-AP-10002906,Hoover Replacement Belt for Commercial Guardsman Heavy-Duty Upright Vacuum,9.768,0.44399999999999995,6
OFF-AP-10002945,Honeywell Enviracaire Portable HEPA Air Cleaner for 17' x 22' Room,11304.44,3247.02,40
OFF-AP-10002998,Holmes 99% HEPA Air Purifier,333.564,86.8566,17
OFF-AP-10003040,Fellowes 8 Outlet Superior Workstation Surge Protector w/o Phone/Fax/Modem Protection,665.6759999999999,43.706,25
OFF-AP-10003057,Honeywell Enviracaire Portable HEPA Air Cleaner for 16' x 20' Room,3855.1800000000003,1503.5202,14
OFF-AP-10003099,"Eureka Hand Vacuum, Bagless",197.72,55.3616,4
OFF-AP-10003217,Eureka Sanitaire  Commercial Upright,1524.5320000000002,53.02719999999999,12
OFF-AP-10003266,"Holmes Replacement Filter for HEPA Air Cleaner, Large Room",151.062,47.9844,12
OFF-AP-10003278,Belkin 7-Outlet SurgeMaster Home Series,106.172,2.794000000000001,10
OFF-AP-10003281,Acco 6 Outlet Guardian Standard Surge Suppressor,149.916,22.971,15
OFF-AP-10003287,Tripp Lite TLP810NET Broadband Surge for Modem/Fax,937.8480000000001,130.4832,22
OFF-AP-10003590,Hoover WindTunnel Plus Canister Vacuum,3051.3,697.44,9
OFF-AP-10003622,"Bravo II Megaboss 12-Amp Hard Body Upright, Replacement Belts, 2 Belts per Pack",87.75,20.8325,29
OFF-AP-10003779,Kensington 7 Outlet MasterPiece Power Center with Fax/Phone Line Protection,1473.108,311.2199999999999,8
OFF-AP-10003842,Euro-Pro Shark Turbo Vacuum,693.952,143.7472,24
OFF-AP-10003849,Hoover Shoulder Vac Commercial Portable Vacuum,5009.48,715.64,16
OFF-AP-10003860,Fellowes Advanced 8 Outlet Surge Suppressor with Phone/Fax Protection,244.288,41.64,10
OFF-AP-10003884,"Fellowes Smart Surge Ten-Outlet Protector, Platinum",180.66,50.5848,3
OFF-AP-10003914,"Sanitaire Vibra Groomer IR Commercial Upright Vacuum, Replacement Belts",13.0,1.3,5
OFF-AP-10003971,Belkin 6 Outlet Metallic Surge Strip,262.449,28.749599999999997,29
OFF-AP-10004036,Bionaire 99.97% HEPA Air Cleaner,199.728,17.52,16
OFF-AP-10004052,"Hoover Replacement Belts For Soft Guard & Commercial Ltweight Upright Vacs, 2/Pk",135.714,21.1486,24
OFF-AP-10004136,Kensington 6 Outlet SmartSocket Surge Protector,147.528,-36.882000000000005,6
OFF-AP-10004233,Honeywell Enviracaire Portable Air Cleaner for up to 8 x 10 Room,299.20799999999997,-177.22320000000002,9
OFF-AP-10004249,Staple holder,234.61200000000002,42.3738,22
OFF-AP-10004336,"Conquest 14 Commercial Heavy-Duty Upright Vacuum, Collection System, Accessory Kit",895.856,163.3668,20
OFF-AP-10004487,Kensington 4 Outlet MasterPiece Compact Power Control Center,2488.392,380.5775999999999,36
OFF-AP-10004532,Kensington 6 Outlet Guardian Standard Surge Protector,409.6,110.592,20
OFF-AP-10004540,"Eureka The Boss Lite 10-Amp Upright Vacuum, Blue",1042.08,291.7824,13
OFF-AP-10004655,"Holmes Visible Mist Ultrasonic Humidifier with 2.3-Gallon Output per Day, Replacement Filter",47.544000000000004,10.188,5
OFF-AP-10004708,Fellowes Superior 10 Outlet Split Surge Protector,867.768,57.089999999999996,30
OFF-AP-10004785,"Holmes Replacement Filter for HEPA Air Cleaner, Medium Room",203.94,87.69420000000001,18
OFF-AP-10004859,Acco 6 Outlet Guardian Premium Surge Suppressor,432.432,60.424,35
OFF-AP-10004868,Hoover Commercial Soft Guard Upright Vacuum And Disposable Filtration Bags,91.68599999999999,-10.4118,18
OFF-AP-10004980,3M Replacement Filter for Office Air Cleaner for 20' x 33' Room,303.36,-20.476799999999997,14
OFF-AR-10000034,"BIC Brite Liner Grip Highlighters, Assorted, 5/Pack",118.72,43.7144,29
OFF-AR-10000122,Newell 314,118.296,17.855999999999998,24
OFF-AR-10000127,Newell 321,65.6,14.366399999999999,22
OFF-AR-10000203,Newell 336,68.48,13.781600000000001,18
OFF-AR-10000246,Newell 318,61.716,14.4004,23
OFF-AR-10000255,Newell 328,75.92,19.7392,13
OFF-AR-10000315,"Dixon Ticonderoga Maple Cedar Pencil, #2",23.332,4.912000000000001,8
OFF-AR-10000369,Design Ebony Sketching Pencil,13.622,2.3074,11
OFF-AR-10000380,"Hunt PowerHouse Electric Pencil Sharpener, Blue",1617.9479999999999,448.164,44
OFF-AR-10000390,Newell Chalk Holder,83.426,36.5918,21
OFF-AR-10000411,Boston 16701 Slimline Battery Pencil Sharpener,86.076,19.128,6
OFF-AR-10000422,Pencil and Crayon Sharpener,29.345999999999997,3.7668,16
OFF-AR-10000462,Sanford Pocket Accent Highlighters,22.4,9.632,14
OFF-AR-10000475,"Hunt BOSTON Vista Battery-Operated Pencil Sharpener, Black",83.952,15.857600000000001,8
OFF-AR-10000538,"Boston Model 1800 Electric Pencil Sharpener, Gray",405.36,109.785,15
OFF-AR-10000588,Newell 345,476.16,94.4384,26
OFF-AR-10000614,Barrel Sharpener,67.83,17.6358,19
OFF-AR-10000634,Newell 320,81.32,9.4588,23
OFF-AR-10000657,"Binney & Smith inkTank Desk Highlighter, Chisel Tip, Yellow, 12/Box",45.15,13.459,22
OFF-AR-10000658,Newell 324,263.34000000000003,72.072,23
OFF-AR-10000716,DIXON Ticonderoga Erasable Checking Pencils,94.86,26.784000000000002,20
OFF-AR-10000799,Col-Erase Pencils with Erasers,37.696,7.478400000000001,7
OFF-AR-10000817,Manco Dry-Lighter Erasable Highlighter,88.16,27.968,30
OFF-AR-10000823,Newell 307,19.292,3.5672,12
OFF-AR-10000896,Newell 329,24.272,4.854399999999999,8
OFF-AR-10000914,Boston 16765 Mini Stand Up Battery Pencil Sharpener,102.608,16.323999999999998,10
OFF-AR-10000937,"Dixon Ticonderoga Core-Lock Colored Pencils, 48-Color Set",431.28999999999996,165.206,13
OFF-AR-10000940,Newell 343,131.124,23.5216,52
OFF-AR-10001022,SANFORD Liquid Accent Tank-Style Highlighters,14.2,4.401999999999999,5
OFF-AR-10001026,"Sanford Uni-Blazer View Highlighters, Chisel Tip, Yellow",30.8,13.552,14
OFF-AR-10001044,"BOSTON Ranger #55 Pencil Sharpener, Black",618.562,120.3337,27
OFF-AR-10001118,"Binney & Smith Crayola Metallic Crayons, 16-Color Pack",16.176000000000002,6.739999999999999,5
OFF-AR-10001130,"Quartet Alpha White Chalk, 12/Pack",15.469999999999999,6.0996,8
OFF-AR-10001149,"Avery Hi-Liter Comfort Grip Fluorescent Highlighter, Yellow Ink",7.8,3.042,4
OFF-AR-10001149,"Sanford Colorific Colored Pencils, 12/Box",73.152,20.736,26
OFF-AR-10001166,Staples in misc. colors,60.64,23.6496,8
OFF-AR-10001177,Newell 349,42.64,10.0368,14
OFF-AR-10001216,Newell 339,26.688000000000002,6.116,10
OFF-AR-10001221,"Dixon Ticonderoga Erasable Colored Pencil Set, 12-Color",75.348,20.0928,14
OFF-AR-10001227,Newell 338,23.52,6.3504000000000005,8
OFF-AR-10001231,"Sanford EarthWrite Recycled Pencils, Medium Soft, #2",29.4,8.232,14
OFF-AR-10001246,Newell 317,79.968,13.1712,32
OFF-AR-10001315,Newell 310,38.72,7.48,25
OFF-AR-10001374,"BIC Brite Liner Highlighters, Chisel Tip",123.12,30.5856,21
OFF-AR-10001419,Newell 325,128.03,29.736,34
OFF-AR-10001427,Newell 330,59.800000000000004,11.1228,11
OFF-AR-10001446,Newell 309,196.35000000000002,34.65,20
OFF-AR-10001468,"Sanford Prismacolor Professional Thick Lead Art Pencils, 36-Color Set",209.664,49.7952,7
OFF-AR-10001473,Newell 313,28.208,4.264,10
OFF-AR-10001545,Newell 326,36.608,7.8671999999999995,23
OFF-AR-10001547,Newell 311,79.168,21.0886,35
OFF-AR-10001573,American Pencil,48.93,14.189699999999998,21
OFF-AR-10001615,Newell 34,460.288,93.248,25
OFF-AR-10001662,Rogers Handheld Barrel Pencil Sharpener,75.62400000000001,15.618,30
OFF-AR-10001683,Lumber Crayons,171.39000000000001,55.357,19
OFF-AR-10001725,Boston Home & Office Model 2000 Electric Pencil Sharpeners,297.99,70.477,13
OFF-AR-10001761,Avery Hi-Liter Smear-Safe Highlighters,123.80799999999999,34.1056,24
OFF-AR-10001770,Economy #2 Pencils,34.58,8.9908,13
OFF-AR-10001860,BIC Liqua Brite Liner,173.5,53.576800000000006,27
OFF-AR-10001868,Prang Dustless Chalk Sticks,38.976,18.816,24
OFF-AR-10001897,Model L Table or Wall-Mount Pencil Sharpener,402.976,92.10879999999999,24
OFF-AR-10001915,Peel-Off China Markers,287.96999999999997,109.4286,31
OFF-AR-10001919,"OIC #2 Pencils, Medium Soft",30.832,8.1404,17
OFF-AR-10001940,"Sanford Colorific Eraseable Coloring Pencils, 12 Count",45.919999999999995,17.876,15
OFF-AR-10001953,Boston 1645 Deluxe Heavier-Duty Electric Pencil Sharpener,1073.112,206.2662,27
OFF-AR-10001954,Newell 331,75.306,14.6211,17
OFF-AR-10001955,Newell 319,511.872,123.008,28
OFF-AR-10001958,Stanley Bostitch Contemporary Electric Pencil Sharpeners,275.076,42.7896,19
OFF-AR-10001972,Newell 323,21.168,3.7632000000000003,14
OFF-AR-10001988,Bulldog Table or Wall-Mount Pencil Sharpener,77.87,22.582299999999996,13
OFF-AR-10002053,"Premium Writing Pencils, Soft, #2 by Central Association for the Blind",81.652,19.4296,29
OFF-AR-10002067,Newell 334,531.712,135.30880000000002,27
OFF-AR-10002135,Boston Heavy-Duty Trimline Electric Pencil Sharpeners,1166.44,310.89,25
OFF-AR-10002221,12 Colored Short Pencils,18.2,3.016000000000001,8
OFF-AR-10002240,Panasonic KP-150 Electric Pencil Sharpener,573.648,126.80640000000001,16
OFF-AR-10002255,Newell 346,31.104,8.6112,11
OFF-AR-10002257,"Eldon Spacemaker Box, Quick-Snap Lid, Clear",50.768,9.285199999999998,18
OFF-AR-10002280,Staples in misc. colors,54.348,22.3215,9
OFF-AR-10002335,DIXON Oriole Pencils,44.891999999999996,8.6172,19
OFF-AR-10002375,Newell 351,82.656,22.1072,26
OFF-AR-10002399,"Dixon Prang Watercolor Pencils, 10-Color Set with Brush",110.76,42.8982,27
OFF-AR-10002445,SANFORD Major Accent Highlighters,209.56799999999998,77.88,30
OFF-AR-10002467,Dixon Ticonderoga Pencils,37.548,9.267800000000001,13
OFF-AR-10002578,Newell 335,89.64,-8.338000000000001,21
OFF-AR-10002656,Sanford Liquid Accent Highlighters,149.632,48.6304,24
OFF-AR-10002671,"Hunt BOSTON Model 1606 High-Volume Electric Pencil Sharpener, Beige",1113.024,111.3024,8
OFF-AR-10002704,Boston 1900 Electric Pencil Sharpener,14.98,4.494,1
OFF-AR-10002766,Prang Drawing Pencil Set,56.156,11.5092,22
OFF-AR-10002804,Faber Castell Col-Erase Pencils,37.164,14.0832,8
OFF-AR-10002818,Panasonic KP-310 Heavy-Duty Electric Pencil Sharpener,197.82,59.346000000000004,9
OFF-AR-10002833,Newell 322,30.576,6.6612,18
OFF-AR-10002952,Stanley Contemporary Battery Pencil Sharpeners,293.7,63.012,24
OFF-AR-10002956,Boston 16801 Nautilus Battery Pencil Sharpener,444.60200000000003,69.9918,23
OFF-AR-10002987,Prismacolor Color Pencil Set,436.48,155.54559999999998,24
OFF-AR-10003045,Prang Colored Pencils,90.55199999999999,38.808,32
OFF-AR-10003056,Newell 341,96.728,26.8356,23
OFF-AR-10003087,Staples in misc. colors,24.92,5.696,15
OFF-AR-10003156,50 Colored Long Pencils,138.176,32.9184,14
OFF-AR-10003158,Fluorescent Highlighters by Dixon,90.744,22.4472,26
OFF-AR-10003179,Dixon Ticonderoga Core-Lock Colored Pencils,229.572,58.6684,28
OFF-AR-10003183,Avery Fluorescent Highlighter Four-Color Set,92.184,17.356,32
OFF-AR-10003190,Newell 32,47.232,11.9808,17
OFF-AR-10003217,Newell 316,46.944,8.2152,11
OFF-AR-10003251,Prang Drawing Pencil Set,43.924,15.568000000000001,17
OFF-AR-10003338,"Eberhard Faber 3 1/2"" Golf Pencils",157.532,33.354200000000006,23
OFF-AR-10003373,"Boston School Pro Electric Pencil Sharpener, 1670",873.636,149.9432,32
OFF-AR-10003394,Newell 332,67.032,15.523200000000001,24
OFF-AR-10003405,"Dixon My First Ticonderoga Pencil, #2",95.94,17.0235,19
OFF-AR-10003469,Nontoxic Chalk,42.944,18.233600000000003,27
OFF-AR-10003477,4009 Highlighters,8.04,2.7336,6
OFF-AR-10003478,"Avery Hi-Liter EverBold Pen Style Fluorescent Highlighters, 4/Pack",219.78,68.376,31
OFF-AR-10003481,Newell 348,65.6,9.708799999999997,24
OFF-AR-10003504,Newell 347,127.544,30.302400000000002,32
OFF-AR-10003514,4009 Highlighters by Sanford,171.14,53.8096,44
OFF-AR-10003560,Zebra Zazzle Fluorescent Highlighters,100.928,20.672,20
OFF-AR-10003582,"Boston Electric Pencil Sharpener, Model 1818, Charcoal Black",523.59,118.22999999999999,20
OFF-AR-10003602,"Quartet Omega Colored Chalk, 12/Pack",80.592,34.164,15
OFF-AR-10003631,Staples in misc. colors,123.904,26.619999999999997,30
OFF-AR-10003651,Newell 350,62.32,15.744,20
OFF-AR-10003696,Panasonic KP-350BK Electric Pencil Sharpener with Auto Stop,265.416,72.08239999999999,16
OFF-AR-10003723,Avery Hi-Liter Fluorescent Desk Style Markers,110.94,36.6432,25
OFF-AR-10003727,Berol Giant Pencil Sharpener,254.85000000000002,49.78069999999999,17
OFF-AR-10003732,Newell 333,86.736,18.848399999999998,33
OFF-AR-10003752,Deluxe Chalkboard Eraser Cleaner,182.49,76.461,17
OFF-AR-10003759,"Crayola Anti Dust Chalk, 12/Pack",59.696,24.661,35
OFF-AR-10003770,Newell 340,25.92,7.5168,9
OFF-AR-10003772,Boston 16750 Black Compact Battery Pencil Sharpener,43.75,13.125,5
OFF-AR-10003811,Newell 327,39.78,10.7406,18
OFF-AR-10003829,Newell 35,93.152,23.288,30
OFF-AR-10003856,Newell 344,45.592,8.5624,18
OFF-AR-10003876,"Avery Hi-Liter GlideStik Fluorescent Highlighter, Yellow Ink",26.08,9.6496,9
OFF-AR-10003896,"Stride Job 150 Highlighters, Chisel Tip, Assorted Colors",17.94,6.4584,3
OFF-AR-10003903,Sanford 52201 APSCO Electric Pencil Sharpener,565.3860000000001,140.9368,14
OFF-AR-10003958,Newell 337,10.496,1.180799999999998,4
OFF-AR-10003986,Avery Hi-Liter Pen Style Six-Color Fluorescent Set,7.7,3.157,2
OFF-AR-10004010,Hunt Boston Vacuum Mount KS Pencil Sharpener,671.808,153.95600000000002,20
OFF-AR-10004022,Panasonic KP-380BK Classic Electric Pencil Sharpener,705.2080000000001,111.53799999999998,22
OFF-AR-10004027,"Binney & Smith inkTank Erasable Desk Highlighter, Chisel Tip, Yellow, 12/Box",17.64,5.7456,8
OFF-AR-10004042,"BOSTON Model 1800 Electric Pencil Sharpeners, Putty/Woodgrain",496.248,113.27399999999997,30
OFF-AR-10004062,Staples in misc. colors,157.2,39.3,15
OFF-AR-10004078,Newell 312,234.768,34.456,49
OFF-AR-10004165,"Binney & Smith inkTank Erasable Pocket Highlighter, Chisel Tip, Yellow",25.992,10.6704,12
OFF-AR-10004260,Boston 1799 Powerhouse Electric Pencil Sharpener,389.70000000000005,109.116,15
OFF-AR-10004269,Newell 31,94.99,23.6236,24
OFF-AR-10004272,Newell 308,8.4,2.1,5
OFF-AR-10004344,Bulldog Vacuum Base Pencil Sharpener,330.924,59.5903,31
OFF-AR-10004441,BIC Brite Liner Highlighters,86.112,30.8844,23
OFF-AR-10004456,Panasonic KP-4ABK Battery-Operated Pencil Sharpener,234.24,67.92960000000001,16
OFF-AR-10004511,"Sanford Colorific Scented Colored Pencils, 12/Pack",47.080000000000005,14.5948,11
OFF-AR-10004582,BIC Brite Liner Grip Highlighters,24.272,8.937999999999999,17
OFF-AR-10004587,"Boston 1827 Commercial Additional Cutter, Drive Gear & Gear Rack for 1606",185.07799999999997,55.7772,11
OFF-AR-10004602,Boston KS Multi-Size Manual Pencil Sharpener,533.3679999999999,119.548,25
OFF-AR-10004648,Boston 19500 Mighty Mite Electric Pencil Sharpener,342.55,92.4885,17
OFF-AR-10004685,"Binney & Smith Crayola Metallic Colored Pencils, 8-Color Set",88.896,26.854000000000003,20
OFF-AR-10004691,Boston 1730 StandUp Electric Pencil Sharpener,171.04,44.4704,8
OFF-AR-10004707,Staples in misc. colors,9.92,3.472,4
OFF-AR-10004752,Blackstonian Pencils,49.128,12.602400000000001,19
OFF-AR-10004757,Crayola Colored Pencils,120.704,32.8,40
OFF-AR-10004790,Staples in misc. colors,47.88,2.9925,5
OFF-AR-10004817,Colorific Watercolor Pencils,51.6,11.3004,11
OFF-AR-10004930,Turquoise Lead Holder with Pocket Clip,37.52,10.586,6
OFF-AR-10004956,Newell 33,47.988,8.37,10
OFF-AR-10004974,Newell 342,9.84,2.8536,3
OFF-AR-10004999,Newell 315,145.912,33.787,25
OFF-BI-10000014,Heavy-Duty E-Z-D Binders,176.742,9.055299999999999,29
OFF-BI-10000042,"Pressboard Data Binder, Crimson, 12"" X 8 1/2""",33.108000000000004,7.1556,9
OFF-BI-10000050,"Angle-D Binders with Locking Rings, Label Holders",197.82999999999998,35.332,42
OFF-BI-10000069,"GBC Prepunched Paper, 19-Hole, for Binding Systems, 24-lb",433.789,125.7838,38
OFF-BI-10000088,GBC Imprintable Covers,241.56,39.967200000000005,36
OFF-BI-10000136,Avery Non-Stick Heavy Duty View Round Locking Ring Binders,68.172,30.8568,12
OFF-BI-10000138,Acco Translucent Poly Ring Binders,91.728,16.2864,31
OFF-BI-10000145,Zipper Ring Binder Pockets,81.744,11.731200000000001,44
OFF-BI-10000174,"Wilson Jones Clip & Carry Folder Binder Tool for Ring Binders, Clear",191.98,50.228,47
OFF-BI-10000201,"Avery Triangle Shaped Sheet Lifters, Black, 2/Pack",25.830000000000002,-4.92,25
OFF-BI-10000216,"Mead 1st Gear 2"" Zipper Binder, Asst. Colors",54.474000000000004,-3.891,9
OFF-BI-10000279,"Acco Recycled 2"" Capacity Laser Printer Hanging Data Binders",85.25500000000001,8.67,10
OFF-BI-10000285,XtraLife ClearVue Slant-D Ring Binders by Cardinal,72.912,-13.328,22
OFF-BI-10000301,GBC Instant Report Kit,164.985,3.2349999999999994,50
OFF-BI-10000309,"GBC Twin Loop Wire Binding Elements, 9/16"" Spine, Black",269.394,-2.2830000000000013,35
OFF-BI-10000315,Poly Designer Cover & Back,451.962,106.34400000000001,35
OFF-BI-10000320,GBC Plastic Binding Combs,172.692,59.778000000000006,30
OFF-BI-10000343,"Pressboard Covers with Storage Hooks, 9 1/2"" x 11"", Light Blue",102.619,-11.882200000000001,44
OFF-BI-10000404,Avery Printable Repositionable Plastic Tabs,115.24000000000001,42.312,16
OFF-BI-10000474,Avery Recycled Flexi-View Covers for Binding Systems,197.169,-69.5702,32
OFF-BI-10000494,Acco Economy Flexible Poly Round Ring Binder,11.484,-5.742,6
OFF-BI-10000545,GBC Ibimaster 500 Manual ProClick Binding System,19024.5,760.9799999999998,48
OFF-BI-10000546,Avery Durable Binders,87.264,13.824,50
OFF-BI-10000591,Avery Binder Labels,26.063,9.8806,8
OFF-BI-10000605,"Acco Pressboard Covers with Storage Hooks, 9 1/2"" x 11"", Executive Red",91.44,34.8996,28
OFF-BI-10000632,Satellite Sectional Post Binders,1219.8210000000001,329.0478,38
OFF-BI-10000666,Surelock Post Binders,653.984,210.864,29
OFF-BI-10000756,Storex DuraTech Recycled Plastic Frosted Binders,94.128,11.448,39
OFF-BI-10000773,Insertable Tab Post Binder Dividers,66.566,-39.699,25
OFF-BI-10000778,GBC VeloBinder Electric Binding Machine,496.018,-411.332,15
OFF-BI-10000822,"Acco PRESSTEX Data Binder with Storage Hooks, Light Blue, 9 1/2"" X 11""",67.25,19.6908,17
OFF-BI-10000829,Avery Non-Stick Binders,141.884,57.022999999999996,35
OFF-BI-10000831,Storex Flexible Poly Binders with Double Pockets,10.824,-2.0064,9
OFF-BI-10000848,Angle-D Ring Binders,39.384,-1.9691999999999996,14
OFF-BI-10000948,"GBC Laser Imprintable Binding System Covers, Desert Sand",146.981,18.408299999999997,17
OFF-BI-10000962,"Acco Flexible ACCOHIDE Square Ring Data Binder, Dark Blue, 11 1/2"" X 14"" 7/8""",410.004,111.2868,36
OFF-BI-10000977,Ibico Plastic Spiral Binding Combs,1100.48,328.928,47
OFF-BI-10001031,Pressboard Data Binders by Wilson Jones,99.324,22.9086,27
OFF-BI-10001036,Cardinal EasyOpen D-Ring Binders,209.30599999999998,26.506,40
OFF-BI-10001071,GBC ProClick Punch Binding System,2031.248,785.6256,39
OFF-BI-10001072,"GBC Clear Cover, 8-1/2 x 11, unpunched, 25 covers per pack",136.44,13.644000000000002,15
OFF-BI-10001078,"Acco PRESSTEX Data Binder with Storage Hooks, Dark Blue, 14 7/8"" X 11""",231.668,88.846,49
OFF-BI-10001097,Avery Hole Reinforcements,116.501,14.827399999999988,32
OFF-BI-10001098,Acco D-Ring Binder w/DublLock,235.18,-102.8378,31
OFF-BI-10001107,"GBC White Gloss Covers, Plain Front",269.328,31.421600000000005,31
OFF-BI-10001116,"Wilson Jones 1"" Hanging DublLock Ring Binders",117.744,-8.5536,46
OFF-BI-10001120,Ibico EPK-21 Electric Binding System,15875.916000000001,3345.2823,13
OFF-BI-10001132,"Acco PRESSTEX Data Binder with Storage Hooks, Dark Blue, 9 1/2"" X 11""",62.946000000000005,-0.16139999999999688,23
OFF-BI-10001153,Ibico Recycled Grain-Textured Covers,141.614,3.453999999999999,8
OFF-BI-10001191,Canvas Sectional Post Binders,422.63599999999997,59.0672,28
OFF-BI-10001196,"Avery Flip-Chart Easel Binder, Black",239.466,37.8222,17
OFF-BI-10001249,Avery Heavy-Duty EZD View Binder with Locking Rings,170.984,29.7308,41
OFF-BI-10001267,"Universal Recycled Hanging Pressboard Report Binders, Letter Size",72.806,8.638000000000002,20
OFF-BI-10001294,Fellowes Binding Cases,271.44,71.955,31
OFF-BI-10001308,GBC Standard Plastic Binding Systems' Combs,246.132,64.7664,50
OFF-BI-10001359,GBC DocuBind TL300 Electric Binding System,19823.479,2233.5051000000003,37
OFF-BI-10001460,Plastic Binding Combs,269.67,84.9915,23
OFF-BI-10001510,Deluxe Heavy-Duty Vinyl Round Ring Binder,504.24,88.242,33
OFF-BI-10001524,GBC Premium Transparent Covers with Diagonal Lined Pattern,780.456,49.51280000000001,67
OFF-BI-10001525,"Acco Pressboard Covers with Storage Hooks, 14 7/8"" x 11"", Executive Red",63.626999999999995,-13.906500000000001,37
OFF-BI-10001543,GBC VeloBinder Manual Binding System,842.1659999999999,280.72200000000004,30
OFF-BI-10001553,SpineVue Locking Slant-D Ring Binders by Cardinal,110.59400000000001,6.0324,22
OFF-BI-10001575,GBC Linen Binding Covers,207.566,-82.4068,18
OFF-BI-10001597,"Wilson Jones Ledger-Size, Piano-Hinge Binder, 2"", Blue",1354.28,202.913,50
OFF-BI-10001617,GBC Wire Binding Combs,184.052,41.5668,26
OFF-BI-10001628,"Acco Data Flex Cable Posts For Top & Bottom Load Binders, 6"" Capacity",287.868,64.1445,39
OFF-BI-10001634,Wilson Jones Active Use Binders,987.404,138.8902,34
OFF-BI-10001636,Ibico Plastic and Wire Spiral Binding Combs,208.221,21.580800000000004,41
OFF-BI-10001658,GBC Standard Therm-A-Bind Covers,466.004,8.472799999999998,34
OFF-BI-10001670,Vinyl Sectional Post Binders,901.03,147.03,40
OFF-BI-10001679,GBC Instant Index System for Binding Systems,71.928,-12.432,19
OFF-BI-10001718,GBC DocuBind P50 Personal Binding Machine,3753.256,1211.7508,72
OFF-BI-10001721,Trimflex Flexible Post Binders,346.356,112.8864,21
OFF-BI-10001757,Pressboard Hanging Data Binders for Unburst Sheets,112.66799999999999,-10.135200000000001,48
OFF-BI-10001758,Wilson Jones 14 Line Acrylic Coated Pressboard Data Binders,100.392,35.297399999999996,23
OFF-BI-10001759,"Acco Pressboard Covers with Storage Hooks, 14 7/8"" x 11"", Dark Blue",59.817,13.1826,24
OFF-BI-10001765,Wilson Jones Heavy-Duty Casebound Ring Binders with Metal Hinges,554.24,157.95839999999998,22
OFF-BI-10001787,Wilson Jones Four-Pocket Poly Binders,62.13,5.4282,17
OFF-BI-10001890,Avery Poly Binder Pockets,78.044,14.749600000000001,34
OFF-BI-10001900,"DXL Angle-View Binders with Locking Rings, Black",124.592,42.0498,26
OFF-BI-10001922,Storex Dura Pro Binders,153.252,49.361399999999996,33
OFF-BI-10001982,Wilson Jones Custom Binder Spines & Labels,41.344,-19.692800000000002,22
OFF-BI-10001989,Premium Transparent Presentation Covers by GBC,753.182,284.0692,43
OFF-BI-10002003,Ibico Presentation Index for Binding Systems,72.038,15.0842,27
OFF-BI-10002012,Wilson Jones Easy Flow II Sheet Lifters,51.480000000000004,5.616,49
OFF-BI-10002026,Avery Arch Ring Binders,1318.87,87.15000000000003,40
OFF-BI-10002026,Ibico Recycled Linen-Style Covers,749.952,262.4832,24
OFF-BI-10002049,UniKeep View Case Binders,28.851,-5.476800000000001,13
OFF-BI-10002071,Fellowes Black Plastic Comb Bindings,102.256,-4.415600000000001,34
OFF-BI-10002072,Cardinal Slant-D Ring Binders,119.922,46.056999999999995,17
OFF-BI-10002082,GBC Twin Loop Wire Binding Elements,1169.618,255.7226,50
OFF-BI-10002103,"Cardinal Slant-D Ring Binder, Heavy Gauge Vinyl",179.014,5.387800000000001,37
OFF-BI-10002133,"Wilson Jones Elliptical Ring 3 1/2"" Capacity Binders, 800 sheets",834.6,-82.17599999999999,42
OFF-BI-10002160,Acco Hanging Data Binders,41.91,8.2296,17
OFF-BI-10002194,Cardinal Hold-It CD Pocket,38.304,-12.4488,12
OFF-BI-10002215,"Wilson Jones Hanging View Binder, White, 1""",143.42,55.238,23
OFF-BI-10002225,"Square Ring Data Binders, Rigid 75 Pt. Covers, 11"" x 14-7/8""",334.368,98.2464,22
OFF-BI-10002309,Avery Heavy-Duty EZD  Binder With Locking Rings,110.48400000000001,29.2392,28
OFF-BI-10002353,GBC VeloBind Cover Sets,342.768,18.528,42
OFF-BI-10002393,Binder Posts,57.4,7.8064,16
OFF-BI-10002412,Wilson Jones “Snap” Scratch Pad Binder Tool for Ring Binders,100.92,30.739999999999995,22
OFF-BI-10002414,GBC ProClick Spines for 32-Hole Punch,686.649,147.9806,16
OFF-BI-10002429,"Premier Elliptical Ring Binder, Black",526.612,-201.51279999999997,46
OFF-BI-10002432,Wilson Jones Standard D-Ring Binders,96.646,26.9192,26
OFF-BI-10002437,Recycled Premium Regency Composition Covers,110.01599999999999,39.880799999999994,9
OFF-BI-10002498,Clear Mylar Reinforcing Strips,377.538,90.2727,29
OFF-BI-10002557,Presstex Flexible Ring Binders,92.82,24.57,30
OFF-BI-10002571,"Avery Framed View Binder, EZD Ring (Locking), Navy, 1 1/2""",99.80000000000001,-0.698599999999999,19
OFF-BI-10002609,Avery Hidden Tab Dividers for Binding Systems,31.588,-7.032800000000001,24
OFF-BI-10002706,Avery Premier Heavy-Duty Binder with Round Locking Rings,191.352,29.416800000000002,21
OFF-BI-10002735,GBC Prestige Therm-A-Bind Covers,1073.903,364.7153,39
OFF-BI-10002764,Recycled Pressboard Report Cover with Reinforced Top Hinge,69.768,13.759799999999998,34
OFF-BI-10002794,"Avery Trapezoid Ring Binder, 3"" Capacity, Black, 1040 sheets",545.034,85.2384,22
OFF-BI-10002799,"SlimView Poly Binder, 3/8""",117.58599999999998,5.697999999999997,40
OFF-BI-10002813,Avery Reinforcements for Hole-Punch Pages,28.512,-16.137,41
OFF-BI-10002824,Recycled Easel Ring Binders,308.844,21.634,35
OFF-BI-10002827,Avery Durable Poly Binders,82.95,-15.5946,33
OFF-BI-10002852,Ibico Standard Transparent Covers,390.576,104.81280000000001,34
OFF-BI-10002854,"Performers Binder/Pad Holder, Black",611.054,106.514,36
OFF-BI-10002867,GBC Recycled Regency Composition Covers,1291.248,451.9368,26
OFF-BI-10002897,"Black Avery Memo-Size 3-Ring Binder, 5 1/2"" x 8 1/2""",45.507999999999996,15.5608,16
OFF-BI-10002931,"Avery Trapezoid Extra Heavy Duty 4"" Binders",314.55,-7.105427357601002e-15,15
OFF-BI-10002949,Prestige Round Ring Binders,85.72800000000001,18.0576,21
OFF-BI-10002954,Newell 3-Hole Punched Plastic Slotted Magazine Holders for Binders,51.184000000000005,3.6559999999999997,20
OFF-BI-10002976,ACCOHIDE Binder by Acco,65.254,19.287100000000002,21
OFF-BI-10002982,Avery Self-Adhesive Photo Pockets for Polaroid Photos,143.01,-2.1791999999999963,41
OFF-BI-10003007,"Premium Transparent Presentation Covers, No Pattern/Clear, 8 1/2"" x 11""",698.04,90.74519999999998,29
OFF-BI-10003091,GBC DocuBind TL200 Manual Binding Machine,4322.814,1592.4978,23
OFF-BI-10003094,Self-Adhesive Ring Binder Labels,22.88,2.3584000000000005,11
OFF-BI-10003166,GBC Plasticlear Binding Covers,68.88,-68.4208,23
OFF-BI-10003196,Accohide Poly Flexible Ring Binders,43.758,-19.822,34
OFF-BI-10003274,"Avery Durable Slant Ring Binders, No Labels",89.55,13.611600000000001,36
OFF-BI-10003291,Wilson Jones Leather-Like Binders with DublLock Round Rings,238.329,25.491600000000002,46
OFF-BI-10003305,Avery Hanging File Binders,105.846,21.8868,26
OFF-BI-10003314,Tuff Stuff Recycled Round Ring Binders,80.494,23.9554,23
OFF-BI-10003350,Acco Expandable Hanging Binders,38.918,1.0208000000000004,11
OFF-BI-10003355,Cardinal Holdit Business Card Pockets,87.648,22.908,25
OFF-BI-10003364,Binding Machine Supplies,667.9929999999999,182.6042,32
OFF-BI-10003429,"Cardinal HOLDit! Binder Insert Strips,Extra Strips",136.728,4.367700000000003,41
OFF-BI-10003460,Acco 3-Hole Punch,137.53199999999998,55.5384,36
OFF-BI-10003476,Avery Metallic Poly Binders,135.80100000000002,43.4334,31
OFF-BI-10003527,Fellowes PB500 Electric Punch Plastic Comb Binding Machine with Manual Bind,27453.384,7753.039,31
OFF-BI-10003529,Avery Round Ring Poly Binders,36.92,12.2972,17
OFF-BI-10003638,GBC Durable Plastic Covers,369.585,14.318999999999999,34
OFF-BI-10003650,GBC DocuBind 300 Electric Binding Machine,6785.142,494.4212000000001,23
OFF-BI-10003655,Durable Pressboard Binders,37.239999999999995,15.085999999999999,11
OFF-BI-10003656,Fellowes PB200 Plastic Comb Binding Machine,4181.754,693.5592,38
OFF-BI-10003669,3M Organizer Strips,83.16,10.151999999999997,26
OFF-BI-10003676,"GBC Standard Recycled Report Covers, Clear Plastic Sheets",258.72,-27.165600000000005,51
OFF-BI-10003684,Wilson Jones Legal Size Ring Binders,532.158,48.378000000000014,44
OFF-BI-10003694,"Avery 3 1/2"" Diskette Storage Pages, 10/Pack",137.808,-14.407200000000005,27
OFF-BI-10003707,Aluminum Screw Posts,354.032,41.202,41
OFF-BI-10003708,"Acco Four Pocket Poly Ring Binder with Label Holder, Smoke, 1""",122.18,7.449999999999999,28
OFF-BI-10003712,"Acco Pressboard Covers with Storage Hooks, 14 7/8"" x 11"", Light Blue",131.097,18.4125,45
OFF-BI-10003718,GBC Therma-A-Bind 250T Electric Binding System,1180.704,413.2464,12
OFF-BI-10003719,Large Capacity Hanging Post Binders,276.945,-19.461,22
OFF-BI-10003727,Avery Durable Slant Ring Binders With Label Holder,90.706,12.456400000000002,36
OFF-BI-10003784,Computer Printout Index Tabs,11.088000000000001,-2.016,15
OFF-BI-10003876,"Green Canvas Binder for 8-1/2"" x 14"" Sheets",569.24,162.64000000000001,19
OFF-BI-10003910,DXL Angle-View Binders with Locking Rings by Samsill,215.109,66.69149999999999,35
OFF-BI-10003925,Fellowes PB300 Plastic Comb Binding Machine,8109.071999999999,2536.7163,33
OFF-BI-10003963,Cardinal Holdit Data Disk Pockets,100.464,38.7296,16
OFF-BI-10003981,"Avery Durable Plastic 1"" Binders",116.224,37.5004,34
OFF-BI-10003982,Wilson Jones Century Plastic Molded Ring Binders,583.6370000000001,55.2482,48
OFF-BI-10003984,Lock-Up Easel 'Spel-Binder',704.691,39.371399999999994,44
OFF-BI-10004001,GBC Recycled VeloBinder Covers,487.344,100.8768,42
OFF-BI-10004002,Wilson Jones International Size A4 Ring Binders,174.73000000000002,12.802000000000007,18
OFF-BI-10004022,Acco Suede Grain Vinyl Round Ring Binder,38.641999999999996,-4.8928,29
OFF-BI-10004040,Wilson Jones Impact Binders,140.728,22.5148,48
OFF-BI-10004094,GBC Standard Plastic Binding Systems Combs,55.755,-2.9205000000000014,13
OFF-BI-10004099,GBC VeloBinder Strips,52.992,-23.808,20
OFF-BI-10004139,Fellowes Presentation Covers for Comb Binding Machines,133.86,21.825000000000003,14
OFF-BI-10004140,Avery Non-Stick Binders,75.432,-13.469999999999999,36
OFF-BI-10004141,Insertable Tab Indexes For Data Binders,17.49,-4.8336,13
OFF-BI-10004182,Economy Binders,29.951999999999998,9.796800000000001,19
OFF-BI-10004187,3-ring staple pack,42.111999999999995,16.694399999999998,26
OFF-BI-10004209,"Fellowes Twister Kit, Gray/Clear, 3/pkg",182.508,-3.216,42
OFF-BI-10004224,Catalog Binders with Expanding Posts,1089.936,-242.20800000000003,36
OFF-BI-10004230,GBC Recycled Grain Textured Covers,466.29,107.07400000000003,20
OFF-BI-10004233,"GBC Pre-Punched Binding Paper, Plastic, White, 8-1/2"" x 11""",310.206,52.447199999999995,31
OFF-BI-10004236,"XtraLife ClearVue Slant-D Ring Binder, White, 3""",386.084,76.9232,39
OFF-BI-10004308,Avery Legal 4-Ring Binder,258.054,90.214,16
OFF-BI-10004318,Ibico EB-19 Dual Function Manual Binding System,3234.913,1086.3772,23
OFF-BI-10004330,"GBC Velobind Prepunched Cover Sets, Regency Series",661.942,-9.245000000000005,33
OFF-BI-10004352,Wilson Jones DublLock D-Ring Binders,35.775,15.525,6
OFF-BI-10004364,Storex Dura Pro Binders,125.334,1.1879999999999988,38
OFF-BI-10004390,GBC DocuBind 200 Manual Binding Machine,4209.799999999999,1052.45,15
OFF-BI-10004410,"C-Line Peel & Stick Add-On Filing Pockets, 8-3/4 x 5-1/8, 10/Pack",85.995,15.0969,21
OFF-BI-10004465,Avery Durable Slant Ring Binders,51.480000000000004,-23.76,19
OFF-BI-10004492,Tuf-Vin Binders,669.496,234.3236,26
OFF-BI-10004506,Wilson Jones data.warehouse D-Ring Binders with DublLock,66.663,15.307799999999999,12
OFF-BI-10004519,GBC DocuBind P100 Manual Binding Machine,2954.444,489.641,27
OFF-BI-10004528,Cardinal Poly Pocket Divider Pockets for Ring Binders,40.32,12.6,15
OFF-BI-10004584,GBC ProClick 150 Presentation Binding System,3222.996,-461.3308,22
OFF-BI-10004593,Ibico Laser Imprintable Binding System Covers,1100.4,138.336,34
OFF-BI-10004600,Ibico Ibimaster 300 Manual Binding System,7985.383,2318.337,28
OFF-BI-10004632,GBC Binding covers,137.26999999999998,58.9225,11
OFF-BI-10004632,Ibico Hi-Tech Manual Binding System,5398.323,-304.99,34
OFF-BI-10004654,Avery Binding System Hidden Tab Executive Style Index Sets,91.743,16.733,26
OFF-BI-10004654,VariCap6 Expandable Binder,122.83,31.14,10
OFF-BI-10004656,Peel & Stick Add-On Corner Pockets,38.016,4.32,30
OFF-BI-10004716,Wilson Jones Hanging Recycled Pressboard Data Binders,32.647999999999996,1.7807999999999993,4
OFF-BI-10004728,Wilson Jones Turn Tabs Binder Tool for Ring Binders,212.08,58.5148,59
OFF-BI-10004738,Flexible Leather- Look Classic Collection Ring Binder,142.05,18.940000000000005,13
OFF-BI-10004781,GBC Wire Binding Strips,212.658,-18.409200000000002,14
OFF-BI-10004817,GBC Personal VeloBind Strips,156.938,-11.261199999999999,27
OFF-BI-10004826,JM Magazine Binder,204.72400000000002,50.190400000000004,18
OFF-BI-10004828,GBC Poly Designer Binding Covers,256.122,102.4488,18
OFF-BI-10004876,Wilson Jones Suede Grain Vinyl Binders,16.401999999999997,5.0596,8
OFF-BI-10004965,Ibico Covers for Plastic or Wire Binding Elements,184.0,57.5,20
OFF-BI-10004967,Round Ring Binders,29.952,-0.9152000000000005,28
OFF-BI-10004970,"ACCOHIDE 3-Ring Binder, Blue, 1""",147.028,50.7164,44
OFF-BI-10004995,GBC DocuBind P400 Electric Binding System,17965.068,-1878.1662000000006,27
OFF-EN-10000056,Cameo Buff Policy Envelopes,1555.75,632.2568,28
OFF-EN-10000461,"#10- 4 1/8"" x 9 1/2"" Recycled Envelopes",211.508,86.43860000000001,27
OFF-EN-10000483,"White Envelopes, White Envelopes with Clear Poly Window",320.25,139.07999999999998,22
OFF-EN-10000781,"#10- 4 1/8"" x 9 1/2"" Recycled Envelopes",75.164,28.842,10
OFF-EN-10000927,Jet-Pak Recycled Peel 'N' Seal Padded Mailers,552.706,177.6555,19
OFF-EN-10001028,Staple envelope,100.63199999999999,42.4092,9
OFF-EN-10001099,Staple envelope,160.392,65.3304,18
OFF-EN-10001137,"#10 Gummed Flap White Envelopes, 100/Box",41.3,16.7678,11
OFF-EN-10001141,"Manila Recycled Extra-Heavyweight Clasp Envelopes, 6"" x 9""",125.172,52.3746,13
OFF-EN-10001219,"#10- 4 1/8"" x 9 1/2"" Security-Tint Envelopes",146.688,64.86359999999999,21
OFF-EN-10001335,"White Business Envelopes with Contemporary Seam, Recycled White Business Envelopes",336.952,150.97199999999998,34
OFF-EN-10001415,Staple envelope,54.684,23.994,11
OFF-EN-10001434,"Strathmore #10 Envelopes, Ultimate White",632.52,309.9348,12
OFF-EN-10001453,"Tyvek Interoffice Envelopes, 9 1/2"" x 12 1/2"", 100/Box",939.092,421.9816,16
OFF-EN-10001509,Poly String Tie Envelopes,68.136,30.293999999999997,35
OFF-EN-10001532,Brown Kraft Recycled Envelopes,244.512,117.16199999999999,15
OFF-EN-10001535,Grip Seal Envelopes,7.072,2.3868,2
OFF-EN-10001539,Staple envelope,196.056,88.8476,26
OFF-EN-10001749,Jiffy Padded Mailers with Self-Seal Closure,29.808,10.8054,2
OFF-EN-10001990,Staple envelope,130.64,61.400800000000004,23
OFF-EN-10002230,Airmail Envelopes,1359.6660000000002,514.4909,19
OFF-EN-10002312,#10 Self-Seal White Envelopes,108.68200000000002,52.123,10
OFF-EN-10002500,Globe Weis Peel & Seel First Class Envelopes,375.73199999999997,164.862,30
OFF-EN-10002504,"Tyvek  Top-Opening Peel & Seel Envelopes, Plain White",570.78,225.0504,24
OFF-EN-10002592,"Peel & Seel Recycled Catalog Envelopes, Brown",176.01600000000002,77.586,17
OFF-EN-10002600,"Redi-Strip #10 Envelopes, 4 1/8 x 9 1/2",93.22,39.53,35
OFF-EN-10002621,Staple envelope,78.24,34.23,9
OFF-EN-10002831,"Tyvek  Top-Opening Peel & Seel  Envelopes, Gray",610.98,274.941,17
OFF-EN-10002973,Ampad #10 Peel & Seel Holiday Envelopes,53.760000000000005,25.8048,12
OFF-EN-10002986,"#10-4 1/8"" x 9 1/2"" Premium Diagonal Seam Envelopes",176.288,63.747,13
OFF-EN-10003001,Ames Color-File Green Diamond Border X-ray Mailers,1360.4759999999999,559.3068000000001,18
OFF-EN-10003040,Quality Park Security Envelopes,240.764,88.19290000000001,11
OFF-EN-10003055,"Blue String-Tie & Button Interoffice Envelopes, 10 x 13",783.608,299.85,22
OFF-EN-10003068,#6 3/4 Gummed Flap White Envelopes,71.28,24.947999999999997,9
OFF-EN-10003072,Peel & Seel Envelopes,114.816,50.3872,26
OFF-EN-10003134,Staple envelope,247.61599999999999,107.45599999999999,24
OFF-EN-10003160,Pastel Pink Envelopes,65.52,31.4496,9
OFF-EN-10003286,Staple envelope,284.832,131.238,35
OFF-EN-10003296,Tyvek Side-Opening Peel & Seel Expanding Envelopes,1266.72,570.024,14
OFF-EN-10003448,"Peel & Seel Recycled Catalog Envelopes, Brown",88.008,35.898,9
OFF-EN-10003567,"Inter-Office Recycled Envelopes, Brown Kraft, Button-String,10"" x 13"" , 100/Box",197.82,81.326,10
OFF-EN-10003798,"Recycled Interoffice Envelopes with Re-Use-A-Seal Closure, 10 x 13",68.28,23.0445,5
OFF-EN-10003845,Colored Envelopes,50.922,19.0404,16
OFF-EN-10003862,Laser & Ink Jet Business Envelopes,198.462,83.226,20
OFF-EN-10004007,Park Ridge Embossed Executive Business Envelopes,62.28,29.2716,4
OFF-EN-10004030,Convenience Packs of Business Envelopes,58.644,24.109199999999998,18
OFF-EN-10004147,Wausau Papers Astrobrights Colored Envelopes,50.232,22.7838,9
OFF-EN-10004206,Multimedia Mailers,325.86,149.8956,2
OFF-EN-10004386,"Recycled Interoffice Envelopes with String and Button Closure, 10 x 13",259.092,115.152,12
OFF-EN-10004459,Security-Tint Envelopes,163.496,73.8788,23
OFF-EN-10004483,"#10 White Business Envelopes,4 1/8 x 9 1/2",488.904,223.14079999999998,32
OFF-EN-10004773,Staple envelope,433.72,196.72299999999998,15
OFF-EN-10004846,Letter or Legal Size Expandable Poly String Tie Envelopes,36.708,15.0024,16
OFF-EN-10004955,Fashion Color Clasp Envelopes,77.904,36.5175,15
OFF-FA-10000053,Revere Boxed Rubber Bands by Revere,48.006,-5.7078,29
OFF-FA-10000089,Acco Glide Clips,186.06,78.16199999999999,32
OFF-FA-10000134,"Advantus Push Pins, Aluminum Head",139.44,43.2264,24
OFF-FA-10000254,Sterling Rubber Bands by Alliance,19.782,-3.768,5
OFF-FA-10000304,Advantus Push Pins,54.936,20.2086,27
OFF-FA-10000490,"OIC Binder Clips, Mini, 1/4"" Capacity, Black",15.623999999999999,7.0804,13
OFF-FA-10000585,OIC Bulk Pack Metal Binder Clips,92.136,35.598,30
OFF-FA-10000611,Binder Clips by OIC,36.112,15.3328,27
OFF-FA-10000621,"OIC Colored Binder Clips, Assorted Sizes",139.62,59.284800000000004,44
OFF-FA-10000624,OIC Binder Clips,128.164,60.144,38
OFF-FA-10000735,Staples,54.312,23.798000000000002,19
OFF-FA-10000840,OIC Thumb-Tacks,12.996,5.1414,13
OFF-FA-10000936,Acco Hot Clips Clips to Go,67.116,25.497500000000002,23
OFF-FA-10000992,"Acco Clips to Go Binder Clips, 24 Clips in Two Sizes",66.03,30.2815,19
OFF-FA-10001135,"Brites Rubber Bands, 1 1/2 oz. Box",13.068000000000001,-0.5147999999999998,7
OFF-FA-10001229,Staples,29.868000000000002,10.7682,9
OFF-FA-10001332,"Acco Banker's Clasps, 5 3/4""-Long",123.136,48.856,35
OFF-FA-10001561,Stockwell Push Pins,69.76,20.0996,34
OFF-FA-10001754,Stockwell Gold Paper Clips,8.096,3.404,5
OFF-FA-10001843,Staples,50.388,21.5878,22
OFF-FA-10001883,"Alliance Super-Size Bands, Assorted Sizes",197.61200000000002,-10.347400000000002,27
OFF-FA-10002280,Advantus Plastic Paper Clips,225.0,102.80000000000001,47
OFF-FA-10002676,Colored Push Pins,24.978,7.602,15
OFF-FA-10002701,Alliance Rubber Bands,13.440000000000001,0.5376000000000001,8
OFF-FA-10002763,Advantus Map Pennant Flags and Round Head Tacks,87.69,20.54,25
OFF-FA-10002780,Staples,5307.835999999999,1392.2752,46
OFF-FA-10002815,Staples,95.01599999999999,40.8884,23
OFF-FA-10002975,Staples,77.112,28.1232,24
OFF-FA-10002983,Advantus SlideClip Paper Clips,46.376000000000005,19.778,15
OFF-FA-10002988,Ideal Clamps,58.692,24.8637,33
OFF-FA-10003021,Staples,34.592,7.708,22
OFF-FA-10003059,Assorted Color Push Pins,34.39,8.923300000000001,21
OFF-FA-10003112,Staples,146.754,51.285000000000004,22
OFF-FA-10003467,"Alliance Big Bands Rubber Bands, 12/Pack",29.7,0.0,15
OFF-FA-10003472,Bagged Rubber Bands,25.704,0.3024,21
OFF-FA-10003485,Staples,26.724,9.7464,12
OFF-FA-10003495,Staples,192.128,85.728,35
OFF-FA-10004076,Translucent Push Pins by OIC,24.552,5.841,15
OFF-FA-10004248,Advantus T-Pin Paper Clips,64.042,20.0244,16
OFF-FA-10004395,Plymouth Boxed Rubber Bands by Plymouth,77.244,-3.297,18
OFF-FA-10004838,"Super Bands, 12/Pack",33.480000000000004,-2.6039999999999988,20
OFF-FA-10004854,"Vinyl Coated Wire Paper Clips in Organizer Box, 800/Box",296.18399999999997,119.7364,29
OFF-FA-10004968,Rubber Band Ball,58.344,-0.2991999999999971,16
OFF-LA-10000081,Avery 496,50.25,22.95,14
OFF-LA-10000121,Avery 48,90.72,39.69,15
OFF-LA-10000134,Avery 511,56.672,24.64,20
OFF-LA-10000240,Self-Adhesive Address Labels for Typewriters by Universal,153.51,64.4011,23
OFF-LA-10000248,Avery 52,68.634,31.475699999999996,19
OFF-LA-10000262,Avery 494,56.376,23.959799999999998,23
OFF-LA-10000305,Avery 495,97.02,42.588,16
OFF-LA-10000407,Avery White Multi-Purpose Labels,95.616,41.832,20
OFF-LA-10000414,Avery 503,155.25,74.52,15
OFF-LA-10000443,Avery 501,66.42,23.3946,22
OFF-LA-10000452,Avery 488,51.03,23.184,17
OFF-LA-10000476,"Avery 05222 Permanent Self-Adhesive File Folder Labels for Typewriters, on Rolls, White, 250/Roll",20.65,9.498999999999999,5
OFF-LA-10000634,Avery 509,32.364000000000004,14.041799999999999,13
OFF-LA-10000973,Avery 502,17.64,6.174,7
OFF-LA-10001045,Permanent Self-Adhesive File Folder Labels for Typewriters by Universal,44.37,19.000799999999998,18
OFF-LA-10001074,Round Specialty Laser Printer Labels,421.008,162.0129,39
OFF-LA-10001158,"Avery Address/Shipping Labels for Typewriters, 4"" x 2""",277.38,126.684,28
OFF-LA-10001175,Avery 514,47.808,22.8384,17
OFF-LA-10001297,Avery 473,248.4,119.232,24
OFF-LA-10001317,Avery 520,46.62,22.05,15
OFF-LA-10001404,Avery 517,127.944,-8.7379,17
OFF-LA-10001474,Avery 477,699.03,298.3578,26
OFF-LA-10001569,Avery 499,176.292,68.724,40
OFF-LA-10001613,Avery File Folder Labels,113.472,48.8448,44
OFF-LA-10001641,Avery 518,106.47,49.14,35
OFF-LA-10001771,Avery 513,93.624,34.4616,22
OFF-LA-10001934,Avery 516,109.64999999999999,51.5355,15
OFF-LA-10001982,Smead Alpha-Z Color-Coded Name Labels First Letter Starter Set,71.25,32.25,20
OFF-LA-10002034,Avery 478,88.38,43.3062,18
OFF-LA-10002043,Avery 489,159.39,73.278,16
OFF-LA-10002195,Avery 481,91.16799999999999,43.12,30
OFF-LA-10002271,Smead Alpha-Z Color-Coded Second Alphabetical Labels and Starter Set,48.048,22.4224,16
OFF-LA-10002312,Avery 490,177.6,81.4,13
OFF-LA-10002368,Avery 479,16.704,6.8382,7
OFF-LA-10002381,Avery 497,24.023999999999997,11.211200000000002,8
OFF-LA-10002473,Avery 484,9.216,3.3408,4
OFF-LA-10002475,Avery 519,121.346,51.6086,18
OFF-LA-10002762,Avery 485,639.03,300.3441,51
OFF-LA-10002787,Avery 480,89.25,42.45,24
OFF-LA-10002945,"Permanent Self-Adhesive File Folder Labels for Typewriters, 1 1/8 x 3 1/2, White",153.72,55.062,29
OFF-LA-10003077,Avery 500,58.48,27.4856,8
OFF-LA-10003121,Avery 506,66.08,28.166600000000003,17
OFF-LA-10003148,Avery 51,95.75999999999999,41.328,16
OFF-LA-10003190,Avery 474,78.336,34.272,30
OFF-LA-10003223,Avery 508,87.398,39.8201,19
OFF-LA-10003388,Avery 5,5.76,2.8224,2
OFF-LA-10003498,Avery 475,266.4,133.2,18
OFF-LA-10003510,"Avery 4027 File Folder Labels for Dot Matrix Printers, 5000 Labels per Box, White",1233.412,524.5054,43
OFF-LA-10003537,Avery 515,62.650000000000006,29.445500000000003,5
OFF-LA-10003663,Avery 498,35.257999999999996,15.3459,13
OFF-LA-10003714,Avery 510,21.75,8.1,7
OFF-LA-10003720,Avery 487,84.87,35.9775,25
OFF-LA-10003766,Self-Adhesive Removable Labels,110.25,52.92,35
OFF-LA-10003923,Alphabetical Labels for Top Tab Filing,518.0,244.2,37
OFF-LA-10003930,"Dot Matrix Printer Tape Reel Labels, White, 5000/Box",3322.878,1517.9064,36
OFF-LA-10004008,Avery 507,24.192,8.64,10
OFF-LA-10004055,Color-Coded Legal Exhibit Labels,14.73,7.2177,3
OFF-LA-10004093,Avery 486,168.13,75.1468,24
OFF-LA-10004178,Avery 491,45.43,18.6676,12
OFF-LA-10004272,Avery 482,11.56,5.4332,4
OFF-LA-10004345,Avery 493,55.974000000000004,23.4207,13
OFF-LA-10004409,Avery 492,53.568000000000005,22.464,20
OFF-LA-10004425,Staple-on labels,53.754000000000005,21.5883,21
OFF-LA-10004484,Avery 476,137.11599999999999,54.5986,37
OFF-LA-10004544,Avery 505,372.96000000000004,165.76,28
OFF-LA-10004545,Avery 50,235.564,102.746,20
OFF-LA-10004559,Avery 49,66.816,31.564799999999998,24
OFF-LA-10004677,Self-Adhesive Address Labels for Typewriters with Dispenser Box,26.568,8.9667,9
OFF-LA-10004689,Avery 512,84.388,35.373599999999996,32
OFF-LA-10004853,Avery 483,83.664,32.569199999999995,19
OFF-PA-10000007,"Telephone Message Books with Fax/Mobile Section, 4 1/4"" x 6""",51.120000000000005,21.96,15
OFF-PA-10000019,Xerox 1931,209.952,88.6464,36
OFF-PA-10000029,Xerox 224,95.904,38.6208,17
OFF-PA-10000048,Xerox 20,6.48,3.1104,1
OFF-PA-10000061,Xerox 205,150.336,69.4656,24
OFF-PA-10000062,Green Bar Computer Printout Paper,857.376,380.8728,17
OFF-PA-10000069,"TOPS 4 x 6 Fluorescent Color Memo Sheets, 500 Sheets per Pack",102.49199999999999,37.105900000000005,13
OFF-PA-10000100,Xerox 1945,1696.986,756.2655,45
OFF-PA-10000130,Xerox 199,57.352,19.688,16
OFF-PA-10000141,"Ampad Evidence Wirebond Steno Books, 6"" x 9""",27.468,11.2924,14
OFF-PA-10000143,Astroparche Fine Business Paper,144.672,65.0496,29
OFF-PA-10000157,Xerox 191,767.232,354.2454,39
OFF-PA-10000167,Xerox 1925,638.188,229.252,24
OFF-PA-10000174,"Message Book, Wirebound, Four 5 1/2"" X 4"" Forms/Pg., 200 Dupl. Sets/Book",152.144,54.0728,18
OFF-PA-10000176,Xerox 1887,512.19,216.25799999999998,30
OFF-PA-10000210,Xerox Blank Computer Paper,99.9,46.953,5
OFF-PA-10000213,Xerox 198,75.696,33.4656,16
OFF-PA-10000223,Xerox 2000,84.24000000000001,37.0656,14
OFF-PA-10000232,Xerox 1975,69.98400000000001,30.3264,12
OFF-PA-10000241,"IBM Multi-Purpose Copy Paper, 8 1/2 x 11"", Case",458.504,185.88,16
OFF-PA-10000246,Riverleaf Stik-Withit Designer Note Cubes,136.816,55.33,15
OFF-PA-10000249,Easy-staple paper,196.48,85.8372,17
OFF-PA-10000289,Xerox 213,111.456,50.8032,18
OFF-PA-10000295,Xerox 229,85.536,34.992000000000004,15
OFF-PA-10000300,Xerox 1936,155.844,60.5394,9
OFF-PA-10000304,Xerox 1995,121.82400000000001,47.6928,22
OFF-PA-10000308,Xerox 1901,16.896,5.28,4
OFF-PA-10000312,Xerox 1955,182.72,59.384,10
OFF-PA-10000327,Xerox 1971,113.848,47.936,28
OFF-PA-10000349,Easy-staple paper,118.524,52.539,25
OFF-PA-10000350,"Message Book, Standard Line ""While You Were Out"", 5 1/2"" X 4"", 200 Sets/Book",51.36,24.139200000000002,6
OFF-PA-10000357,"White Dual Perf Computer Printout Paper, 2700 Sheets, 1 Part, Heavyweight, 20 lbs., 14 7/8 x 11",909.9780000000001,408.2604,24
OFF-PA-10000357,Xerox 1888,1231.656,539.2656,24
OFF-PA-10000380,"REDIFORM Incoming/Outgoing Call Register, 11"" X 8 1/2"", 100 Messages",281.892,127.602,37
OFF-PA-10000418,Xerox 189,1782.4499999999998,746.532,19
OFF-PA-10000466,"Memo Book, 100 Message Capacity, 5 3/8” x 11”",76.836,36.396,12
OFF-PA-10000474,Easy-staple paper,1105.7279999999998,467.0992,34
OFF-PA-10000477,Xerox 1952,97.60799999999999,44.82,20
OFF-PA-10000477,Xerox 22,75.168,31.3632,13
OFF-PA-10000482,"Snap-A-Way Black Print Carbonless Ruled Speed Letter, Triplicate",1016.7919999999999,453.7624,28
OFF-PA-10000483,Xerox 19,415.132,159.547,15
OFF-PA-10000501,Petty Cash Envelope,231.856,94.36,10
OFF-PA-10000520,Xerox 201,110.16000000000001,46.1376,19
OFF-PA-10000528,Xerox 1981,70.752,30.096,14
OFF-PA-10000533,Southworth Parchment Paper & Envelopes,83.712,30.738,15
OFF-PA-10000551,Array Memo Cubes,54.908,25.8482,11
OFF-PA-10000552,Xerox 200,860.22,398.41130000000004,17
OFF-PA-10000556,Xerox 208,54.432,24.105600000000003,9
OFF-PA-10000565,Easy-staple paper,279.9,137.151,5
OFF-PA-10000575,"Wirebound Message Books, Four 2 3/4 x 5 White Forms per Page",218.094,95.2656,34
OFF-PA-10000587,"Array Parchment Paper, Assorted Colors",106.288,49.504,15
OFF-PA-10000595,Xerox 1929,351.736,154.39839999999998,16
OFF-PA-10000605,Xerox 1950,49.708,23.177799999999998,9
OFF-PA-10000659,"Adams Phone Message Book, Professional, 400 Message Capacity, 5 3/6” x 11”",94.928,43.1364,14
OFF-PA-10000659,"TOPS Carbonless Receipt Book, Four 2-3/4 x 7-1/4 Money Receipts per Page",406.464,178.704,25
OFF-PA-10000673,"Post-it “Important Message” Note Pad, Neon Colors, 50 Sheets/Pad",62.608000000000004,28.537599999999998,9
OFF-PA-10000675,Xerox 1919,1565.818,729.622,40
OFF-PA-10000682,Xerox 1924,60.111999999999995,24.7384,12
OFF-PA-10000697,"TOPS Voice Message Log Book, Flash Format",49.504,20.372799999999998,12
OFF-PA-10000726,"Black Print Carbonless Snap-Off Rapid Letter, 8 1/2"" x 7""",219.144,87.96730000000001,27
OFF-PA-10000740,Xerox 1982,237.536,89.5328,12
OFF-PA-10000743,Xerox 1977,130.928,61.455999999999996,20
OFF-PA-10000788,Xerox 210,95.904,35.2512,18
OFF-PA-10000791,"Wirebound Message Books, Four 2 3/4 x 5 Forms per Page, 200 Sets per Book",115.434,47.223,26
OFF-PA-10000806,Xerox 1934,1097.2079999999999,526.212,20
OFF-PA-10000807,"TOPS ""Important Message"" Pads, Canary, 4-1/4 x 5-1/2, 50 Sheets per Pad",70.19200000000001,31.629199999999997,17
OFF-PA-10000809,Xerox 206,60.912,23.846400000000003,11
OFF-PA-10000859,Unpadded Memo Slips,18.308,8.358,5
OFF-PA-10000919,Xerox 1918,155.04,75.9696,4
OFF-PA-10000955,Southworth 25% Cotton Granite Paper & Envelopes,37.932,13.2108,7
OFF-PA-10000994,Xerox 1915,2789.0099999999998,1262.394,28
OFF-PA-10001001,"Snap-A-Way Black Print Carbonless Speed Message, No Reply Area, Duplicate",93.248,31.4712,4
OFF-PA-10001019,Xerox 1884,543.456,204.5952,32
OFF-PA-10001033,Xerox 1893,1434.65,619.3589,39
OFF-PA-10001125,Xerox 1988,1102.888,404.289,41
OFF-PA-10001144,Xerox 1913,865.4879999999999,375.0448,17
OFF-PA-10001166,Xerox 1932,85.056,28.7064,3
OFF-PA-10001166,Xerox 2,137.376,53.135999999999996,25
OFF-PA-10001184,Xerox 1903,138.736,65.54079999999999,24
OFF-PA-10001204,Xerox 1972,46.464,17.424,10
OFF-PA-10001215,Xerox 1963,77.088,27.72,17
OFF-PA-10001243,Xerox 1983,29.900000000000002,14.651,5
OFF-PA-10001246,Xerox 215,45.36,21.7728,7
OFF-PA-10001260,"TOPS Money Receipt Book, Consecutively Numbered in Red,",88.11,39.6495,11
OFF-PA-10001274,Loose Memo Sheets,18.25,8.5775,5
OFF-PA-10001281,Computer Printout Paper with Letter-Trim Fine Perforations,191.6,91.968,4
OFF-PA-10001289,White Computer Printout Paper by Universal,1279.08,547.6788,37
OFF-PA-10001293,Xerox 1946,79.05600000000001,35.2512,13
OFF-PA-10001295,Computer Printout Paper with Letter-Trim Perforations,405.95799999999997,169.2124,24
OFF-PA-10001307,"Important Message Pads, 50 4-1/4 x 5-1/2 Forms per Pad",54.599999999999994,22.47,15
OFF-PA-10001357,Xerox 1886,651.4399999999999,302.728,14
OFF-PA-10001363,Xerox 1933,294.72,138.5184,24
OFF-PA-10001450,Rediform S.O.S. Phone Message Books,19.92,9.7608,4
OFF-PA-10001457,White GlueTop Scratch Pads,186.49599999999998,72.7936,14
OFF-PA-10001461,HP Office Paper (20Lb. and 87 Bright),86.84,38.2096,14
OFF-PA-10001471,Strathmore Photo Frame Cards,116.96000000000001,53.8016,16
OFF-PA-10001497,Xerox 1914,956.304,423.74159999999995,19
OFF-PA-10001509,"Recycled Desk Saver Line ""While You Were Out"" Book, 5 1/2"" X 4""",268.5,123.51,30
OFF-PA-10001526,Xerox 1949,114.54,43.4256,28
OFF-PA-10001534,Xerox 230,127.008,56.2464,21
OFF-PA-10001560,"Adams Telephone Message Books, 5 1/4” x 11”",80.936,32.918,15
OFF-PA-10001569,Xerox 232,120.528,56.505599999999994,19
OFF-PA-10001583,"1/4 Fold Party Design Invitations & White Envelopes, 24 8-1/2"" X 11"" Cards, 25 Env./Pack",49.980000000000004,22.7115,7
OFF-PA-10001593,Xerox 1947,136.344,54.119,25
OFF-PA-10001609,Tops Wirebound Message Log Books,73.696,29.281,25
OFF-PA-10001622,"Ampad Poly Cover Wirebound Steno Book, 6"" x 9"" Assorted Colors, Gregg Ruled",38.136,15.663,9
OFF-PA-10001639,Xerox 203,143.856,62.985600000000005,24
OFF-PA-10001661,Xerox 1922,11.952,4.3326,3
OFF-PA-10001667,Great White Multi-Use Recycled Paper (20Lb. and 84 Bright),169.832,64.584,32
OFF-PA-10001685,Easy-staple paper,257.556,107.58539999999999,29
OFF-PA-10001712,Xerox 1948,149.85000000000002,67.4325,15
OFF-PA-10001725,Xerox 1892,178.296,79.458,5
OFF-PA-10001736,Xerox 1880,623.744,285.64639999999997,18
OFF-PA-10001745,"Wirebound Message Books, 2 7/8"" x 5"", 3 Forms per Page",108.416,44.985600000000005,17
OFF-PA-10001752,Hammermill CopyPlus Copy Paper (20Lb. and 84 Bright),32.868,15.0894,7
OFF-PA-10001763,Xerox 1896,49.95,22.4775,5
OFF-PA-10001776,"Wirebound Message Books, Four 2 3/4"" x 5"" Forms per Page, 600 Sets per Book",246.582,109.01520000000001,28
OFF-PA-10001790,Xerox 1910,586.088,236.3568,14
OFF-PA-10001800,Xerox 220,145.152,60.912,25
OFF-PA-10001801,Xerox 193,77.74000000000001,38.0926,13
OFF-PA-10001804,Xerox 195,164.328,70.54079999999999,27
OFF-PA-10001815,Xerox 1885,960.8,461.184,20
OFF-PA-10001826,Xerox 207,40.176,16.5888,7
OFF-PA-10001837,Xerox 1976,36.288,12.700800000000001,7
OFF-PA-10001838,"Adams Telephone Message Book W/Dividers/Space For Phone Numbers, 5 1/4""X8 1/2"", 300/Messages",132.888,60.916799999999995,24
OFF-PA-10001846,Xerox 1899,69.36,28.090799999999998,14
OFF-PA-10001870,Xerox 202,171.072,76.7232,28
OFF-PA-10001878,Xerox 1891,1320.5700000000002,542.9010000000001,30
OFF-PA-10001892,"Rediform Wirebound ""Phone Memo"" Message Book, 11 x 5-3/4",110.016,43.77719999999999,17
OFF-PA-10001934,Xerox 1993,147.744,68.4288,24
OFF-PA-10001937,Xerox 21,124.416,43.5456,24
OFF-PA-10001947,Xerox 1974,57.408,26.91,10
OFF-PA-10001950,Southworth 25% Cotton Antique Laid Paper & Envelopes,200.16,80.898,26
OFF-PA-10001952,Xerox 1902,82.22399999999999,32.8896,4
OFF-PA-10001954,Xerox 1964,721.744,314.73519999999996,33
OFF-PA-10001970,Xerox 1881,454.36,207.04080000000002,38
OFF-PA-10001970,Xerox 1908,1712.9879999999998,799.3944,32
OFF-PA-10001972,Xerox 214,215.136,90.46079999999999,37
OFF-PA-10001977,Xerox 194,443.84,184.1936,9
OFF-PA-10001994,"Ink Jet Note and Greeting Cards, 8-1/2"" x 5-1/2"" Card Size",121.392,48.5568,6
OFF-PA-10002001,Xerox 1984,12.96,6.3504,2
OFF-PA-10002005,Xerox 225,196.99200000000002,85.7952,33
OFF-PA-10002036,Xerox 1930,138.672,59.3568,24
OFF-PA-10002105,Xerox 223,58.32,27.9936,9
OFF-PA-10002109,Wirebound Voice Message Log Book,15.232,4.9504,4
OFF-PA-10002120,Xerox 1889,516.624,236.32799999999997,10
OFF-PA-10002137,"Southworth 100% Résumé Paper, 24lb.",262.964,113.199,35
OFF-PA-10002160,Xerox 1978,174.556,74.33080000000001,34
OFF-PA-10002195,"RSVP Cards & Envelopes, Blank White, 8-1/2"" X 11"", 24 Cards/25 Envelopes/Set",89.408,38.252399999999994,19
OFF-PA-10002195,Xerox 1966,79.056,32.788799999999995,14
OFF-PA-10002222,"Xerox Color Copier Paper, 11"" x 17"", Ream",593.84,260.83279999999996,27
OFF-PA-10002230,Xerox 1897,67.72800000000001,27.0912,16
OFF-PA-10002245,Xerox 1895,191.36,82.82300000000001,33
OFF-PA-10002246,"Wirebound Four 2-3/4 x 5 Forms per Page, 400 Sets per Book",119.97,47.601000000000006,22
OFF-PA-10002250,Things To Do Today Pad,138.53199999999998,59.1696,26
OFF-PA-10002254,Xerox 1883,881.092,354.0196,37
OFF-PA-10002259,"Geographics Note Cards, Blank, White, 8 1/2"" x 11""",76.092,29.5416,8
OFF-PA-10002262,Xerox 192,142.56,68.4288,22
OFF-PA-10002319,Xerox 1944,573.648,257.3664,16
OFF-PA-10002333,"Universal Ultra Bright White Copier/Laser Paper, 8 1/2"" x 11"", Ream",15.552,5.6376,3
OFF-PA-10002365,Xerox 1967,89.424,38.88,15
OFF-PA-10002377,"Adams Telephone Message Book W/Dividers/Space For Phone Numbers, 5 1/4""X8 1/2"", 200/Messages",172.672,72.70400000000001,32
OFF-PA-10002377,Xerox 1916,831.98,342.58,20
OFF-PA-10002421,Embossed Ink Jet Note Cards,284.382,108.336,15
OFF-PA-10002464,HP Office Recycled Paper (20Lb. and 87 Bright),106.352,50.3438,19
OFF-PA-10002479,Xerox 4200 Series MultiUse Premium Copy Paper (20Lb. and 84 Bright),139.392,52.272,30
OFF-PA-10002499,Xerox 1890,244.7,122.35,5
OFF-PA-10002552,Xerox 1958,32.400000000000006,15.552,5
OFF-PA-10002558,Xerox 1938,268.24,93.884,7
OFF-PA-10002581,Xerox 1951,755.912,244.74200000000002,30
OFF-PA-10002586,Xerox 1970,101.592,43.5252,22
OFF-PA-10002606,Xerox 1928,124.608,49.104,26
OFF-PA-10002615,"Ampad Gold Fibre Wirebound Steno Books, 6"" x 9"", Gregg Ruled",106.72200000000001,47.187,25
OFF-PA-10002659,Avoid Verbal Orders Carbonless Minifold Book,68.276,29.9468,21
OFF-PA-10002666,Southworth 25% Cotton Linen-Finish Paper & Envelopes,166.704,67.044,20
OFF-PA-10002689,Weyerhaeuser First Choice Laser/Copy Paper (20Lb. and 88 Bright),181.44,83.72,29
OFF-PA-10002709,Xerox 1956,89.7,40.9032,16
OFF-PA-10002713,"Adams Phone Message Book, 200 Message Capacity, 8 1/16” x 11”",227.04,104.4384,33
OFF-PA-10002741,Xerox 1980,34.24,15.408,8
OFF-PA-10002749,"Wirebound Message Books, 5-1/2 x 4 Forms, 2 or 4 Forms per Page",72.25200000000001,31.3092,12
OFF-PA-10002751,Xerox 1920,89.7,40.365,15
OFF-PA-10002764,Easy-staple paper,170.10000000000002,83.349,15
OFF-PA-10002787,Xerox 227,120.528,46.3968,22
OFF-PA-10002870,"Ampad Phone Message Book, Recycled, 400 Message Capacity, 5 ¾” x 11”",124.8,56.16,20
OFF-PA-10002893,"Wirebound Service Call Books, 5 1/2"" x 4""",125.84,60.4032,13
OFF-PA-10002923,Xerox 1942,597.068,278.95799999999997,13
OFF-PA-10002947,Xerox 1923,94.856,39.2784,16
OFF-PA-10002960,Xerox 1926,34.86,16.3842,7
OFF-PA-10002968,Xerox 1973,169.01600000000002,70.3472,8
OFF-PA-10002986,Xerox 1898,280.56,120.7744,46
OFF-PA-10003001,Xerox 1986,85.50399999999999,40.3472,13
OFF-PA-10003016,"Adams ""While You Were Out"" Message Pads",72.848,31.4,24
OFF-PA-10003022,Standard Line “While You Were Out” Hardbound Telephone Message Book,211.00799999999998,80.4468,11
OFF-PA-10003022,Xerox 1992,118.052,42.855599999999995,22
OFF-PA-10003036,"Black Print Carbonless 8 1/2"" x 8 1/4"" Rapid Memo Book",64.06400000000001,20.8208,11
OFF-PA-10003039,Xerox 1960,879.832,334.584,32
OFF-PA-10003063,EcoTones Memo Sheets,52.8,21.6,15
OFF-PA-10003072,"Eureka Recycled Copy Paper 8 1/2"" x 11"", Ream",110.16,46.1376,19
OFF-PA-10003127,Easy-staple paper,327.11199999999997,141.9244,13
OFF-PA-10003129,Tops White Computer Printout Paper,684.74,321.8278,14
OFF-PA-10003134,Xerox 1937,499.616,199.84640000000002,12
OFF-PA-10003172,Xerox 1996,176.256,81.9072,28
OFF-PA-10003177,Xerox 1999,98.49600000000001,41.2128,17
OFF-PA-10003205,"Wirebound Message Forms, Four 2 3/4 x 5 Forms per Page, Pink Paper",35.948,14.2975,5
OFF-PA-10003228,Xerox 1917,1222.75,574.6925,25
OFF-PA-10003256,Avery Personal Creations Heavyweight Cards,103.85999999999999,37.8512,11
OFF-PA-10003270,Xerox 1954,84.48,32.208,18
OFF-PA-10003302,Xerox 1906,1098.6399999999999,497.5776,32
OFF-PA-10003309,Xerox 211,104.976,40.9536,19
OFF-PA-10003349,Xerox 1957,95.904,39.7224,17
OFF-PA-10003363,Xerox 204,110.16,52.8768,17
OFF-PA-10003395,Xerox 1941,1740.51,704.592,19
OFF-PA-10003424,"""While you Were Out"" Message Book, One Form per Page",25.228,10.388,8
OFF-PA-10003441,Xerox 226,334.368,155.7792,53
OFF-PA-10003465,Xerox 1912,201.082,92.5736,11
OFF-PA-10003543,Xerox 1985,25.92,9.072,5
OFF-PA-10003591,Southworth 100% Cotton The Best Paper,151.536,65.43599999999999,15
OFF-PA-10003625,Xerox 1979,328.38800000000003,140.959,11
OFF-PA-10003641,Xerox 1909,970.784,400.976,40
OFF-PA-10003651,Xerox 1968,165.664,75.35040000000001,26
OFF-PA-10003656,Xerox 1935,538.152,239.0028,21
OFF-PA-10003657,Xerox 1927,65.056,22.683999999999997,18
OFF-PA-10003673,Strathmore Photo Mount Cards,245.436,106.3104,38
OFF-PA-10003724,"Wirebound Message Book, 4 per Page",184.62,87.6945,35
OFF-PA-10003729,Xerox 1998,46.656,16.3296,9
OFF-PA-10003739,Xerox 1969,11.56,5.6644,2
OFF-PA-10003790,Xerox 1991,575.568,254.8944,26
OFF-PA-10003797,Xerox 209,187.92000000000002,90.2016,29
OFF-PA-10003823,Xerox 197,501.87600000000003,195.174,18
OFF-PA-10003845,Xerox 1987,92.48,45.3152,16
OFF-PA-10003848,Xerox 1997,178.848,77.76,30
OFF-PA-10003883,"Message Book, Phone, Wirebound Standard Line Memo, 2 3/4"" X 5""",119.21,52.007,19
OFF-PA-10003892,Xerox 1943,743.432,328.6752,16
OFF-PA-10003893,Xerox 1962,109.568,43.656,28
OFF-PA-10003919,Xerox 1989,7.968,2.6892,2
OFF-PA-10003936,Xerox 1994,76.464,32.6592,13
OFF-PA-10003953,Xerox 218,49.248000000000005,22.2912,8
OFF-PA-10003971,Xerox 1965,56.212,25.714,10
OFF-PA-10004000,"While You Were Out Pads, 50 per Pad, 4 x 5 1/4, Green Cycle",50.138000000000005,18.7781,13
OFF-PA-10004022,Hammermill Color Copier Paper (28Lb. and 96 Bright),49.95,22.4775,5
OFF-PA-10004039,Xerox 1882,615.78,273.18240000000003,12
OFF-PA-10004040,Universal Premium White Copier/Laser Paper (20Lb. and 87 Bright),129.168,55.9728,24
OFF-PA-10004041,"It's Hot Message Books with Stickers, 2 3/4"" x 5""",161.32,59.57,25
OFF-PA-10004071,"Eaton Premium Continuous-Feed Paper, 25% Cotton, Letter Size, White, 1000 Shts/Box",1098.504,492.6624,21
OFF-PA-10004082,"Adams Telephone Message Book w/Frequently-Called Numbers Space, 400 Messages per Book",223.44,111.72,28
OFF-PA-10004092,Tops Green Bar Computer Printout Paper,342.58,171.29,7
OFF-PA-10004100,Xerox 216,238.464,96.9408,42
OFF-PA-10004101,Xerox 1894,169.776,78.79679999999999,27
OFF-PA-10004156,Xerox 188,213.192,97.524,20
OFF-PA-10004239,Xerox 1953,47.08,18.832,12
OFF-PA-10004243,Xerox 1939,417.34,200.32319999999999,22
OFF-PA-10004248,Xerox 1990,36.96,13.728,8
OFF-PA-10004255,Xerox 219,97.2,46.656,15
OFF-PA-10004285,Xerox 1959,133.6,60.6544,21
OFF-PA-10004327,Xerox 1911,603.54,279.736,13
OFF-PA-10004353,Southworth 25% Cotton Premium Laser Paper and Envelopes,527.472,236.5632,28
OFF-PA-10004355,Xerox 231,79.05600000000001,31.8816,14
OFF-PA-10004359,Multicolor Computer Printout Paper,1887.3,851.3820000000001,19
OFF-PA-10004381,14-7/8 x 11 Blue Bar Computer Printout Paper,422.752,172.94400000000002,10
OFF-PA-10004405,Rediform Voice Mail Log Books,29.204,12.1584,11
OFF-PA-10004438,Xerox 1907,122.8,57.716,10
OFF-PA-10004451,Xerox 222,134.784,60.6528,22
OFF-PA-10004470,"Adams Write n' Stick Phone Message Book, 11"" X 5 1/4"", 200 Messages",40.896,16.3584,8
OFF-PA-10004475,Xerox 1940,615.552,279.1968,12
OFF-PA-10004519,Spiral Phone Message Books with Labels by Adams,60.032000000000004,25.759999999999998,15
OFF-PA-10004530,Personal Creations Ink Jet Cards and Labels,321.44000000000005,157.5056,28
OFF-PA-10004569,"Wirebound Message Books, Two 4 1/4"" x 5"" Forms per Page",109.584,49.084500000000006,15
OFF-PA-10004609,Xerox 221,80.352,33.1776,14
OFF-PA-10004610,Xerox 1900,105.28800000000001,44.084,26
OFF-PA-10004621,Xerox 212,141.264,57.024,25
OFF-PA-10004665,Advantus Motivational Note Cards,227.94,94.32,20
OFF-PA-10004675,"Telephone Message Books with Fax/Mobile Section, 5 1/2"" x 3 3/16""",99.06,40.766999999999996,17
OFF-PA-10004733,Things To Do Today Spiral Book,82.368,29.8584,13
OFF-PA-10004734,Southworth Structures Collection,72.8,36.4,10
OFF-PA-10004735,Xerox 1905,146.448,68.94720000000001,23
OFF-PA-10004782,Xerox 228,97.2,46.656000000000006,15
OFF-PA-10004888,Xerox 217,151.632,67.392,25
OFF-PA-10004911,"Rediform S.O.S. 1-Up Phone Message Bk, 4-1/4x3-1/16 Bk, 1 Form/Pg, 40 Messages/Bk, 3/Pk",196.98000000000002,94.5504,21
OFF-PA-10004947,Easy-staple paper,48.792,20.544,12
OFF-PA-10004948,Xerox 190,29.88,14.0436,6
OFF-PA-10004965,Xerox 1921,55.944,17.4825,7
OFF-PA-10004971,Xerox 196,92.48,39.4196,18
OFF-PA-10004983,Xerox 23,141.264,63.7632,23
OFF-PA-10004996,"Speediset Carbonless Redi-Letter 7"" x 8 1/2""",181.45600000000002,77.6343,19
OFF-ST-10000025,Fellowes Stor/Drawer Steel Plus Storage Drawers,3397.308,78.25259999999989,37
OFF-ST-10000036,"Recycled Data-Pak for Archival Bound Computer Printouts, 12-1/2 x 12-1/2 x 16",1857.252,414.918,20
OFF-ST-10000046,Fellowes Super Stor/Drawer Files,4006.44,473.34150000000005,27
OFF-ST-10000060,Fellowes Bankers Box Staxonsteel Drawer File/Stacking System,2612.196,153.3528,43
OFF-ST-10000078,Tennsco 6- and 18-Compartment Lockers,10925.003999999999,1575.1097999999997,43
OFF-ST-10000107,Fellowes Super Stor/Drawer,477.3,67.71,18
OFF-ST-10000129,Fellowes Recycled Storage Drawers,1287.948,48.8532,12
OFF-ST-10000136,Letter Size File,341.41999999999996,59.55,10
OFF-ST-10000142,Deluxe Rollaway Locking File with Drawer,5572.792,1380.7215999999999,14
OFF-ST-10000321,Akro Stacking Bins,91.524,-6.943200000000006,13
OFF-ST-10000344,"Neat Ideas Personal Hanging Folder Files, Black",276.658,58.0176,22
OFF-ST-10000352,Acco Perma 2700 Stacking Storage Drawers,208.18,5.948,8
OFF-ST-10000419,"Rogers Jumbo File, Granite",317.772,-4.888800000000006,24
OFF-ST-10000464,"Multi-Use Personal File Cart and Caster Set, Three Stacking Bins",368.456,93.15679999999999,11
OFF-ST-10000532,Advantus Rolling Drawer Organizers,1115.92,233.18880000000001,31
OFF-ST-10000563,Fellowes Bankers Box Stor/Drawer Steel Plus,1426.308,-12.792,50
OFF-ST-10000585,Economy Rollaway Files,3138.8,693.8399999999999,20
OFF-ST-10000604,Home/Office Personal File Carts,980.232,198.132,30
OFF-ST-10000615,"SimpliFile Personal File, Black Granite, 15w x 6-15/16d x 11-1/4h",347.31,85.806,32
OFF-ST-10000617,Woodgrain Magazine Files by Perma,69.136,2.6223999999999967,24
OFF-ST-10000636,Rogers Profile Extra Capacity Storage Tub,518.9399999999999,4.68719999999999,32
OFF-ST-10000642,"Tennsco Lockers, Gray",402.81600000000003,-26.43480000000002,22
OFF-ST-10000649,Hanging Personal Folder File,251.2,51.025,17
OFF-ST-10000675,"File Shuttle II and Handi-File, Black",1125.148,260.953,34
OFF-ST-10000676,Fellowes Econo/Stor Drawers,581.58,-56.2194,7
OFF-ST-10000689,"Fellowes Strictly Business Drawer File, Letter/Legal Size",4479.030000000001,388.746,33
OFF-ST-10000736,Carina Double Wide Media Storage Towers in Natural & Black,3028.652,-3.2392000000000234,39
OFF-ST-10000760,Eldon Fold 'N Roll Cart System,301.968,63.7488,24
OFF-ST-10000777,"Companion Letter/Legal File, Black",611.712,149.5296,17
OFF-ST-10000798,2300 Heavy-Duty Transfer File Systems by Perma,344.724,20.983199999999982,16
OFF-ST-10000876,Eldon Simplefile Box Office,345.832,77.128,30
OFF-ST-10000877,Recycled Steel Personal File for Standard File Folders,1072.626,254.334,20
OFF-ST-10000885,Fellowes Desktop Hanging File Manager,201.45000000000002,50.362500000000004,15
OFF-ST-10000918,Crate-A-Files,249.82,51.3145,25
OFF-ST-10000934,"Contico 72""H Heavy-Duty Storage System",598.308,-57.372,16
OFF-ST-10000943,Eldon ProFile File 'N Store Portable File Tub Letter/Legal Size Black,614.058,127.44600000000001,35
OFF-ST-10000991,Space Solutions HD Industrial Steel Shelving.,3035.208,24.143700000000003,27
OFF-ST-10001031,Adjustable Personal File Tote,270.24800000000005,53.3984,18
OFF-ST-10001034,Eldon File Chest Portable File,79.4,5.95500000000001,5
OFF-ST-10001097,Office Impressions Heavy Duty Welded Shelving & Multimedia Storage Drawers,3178.13,-167.27,20
OFF-ST-10001128,"Carina Mini System Audio Rack, Model AR050B",2730.108,-68.80759999999985,26
OFF-ST-10001172,"Tennsco Lockers, Sand",407.012,56.2264,22
OFF-ST-10001228,"Fellowes Personal Hanging Folder Files, Navy",284.716,52.6456,24
OFF-ST-10001228,Personal File Boxes with Fold-Down Carry Handle,177.612,37.392,12
OFF-ST-10001272,"Mini 13-1/2 Capacity Data Binder Rack, Pearl",1465.7440000000001,287.914,12
OFF-ST-10001291,"Tenex Personal Self-Stacking Standard File Box, Black/Gray",229.976,44.811499999999995,15
OFF-ST-10001321,"Decoflex Hanging Personal Folder File, Blue",592.6,156.16180000000003,48
OFF-ST-10001325,Sterilite Officeware Hinged File Box,345.84000000000003,78.076,35
OFF-ST-10001328,"Personal Filing Tote with Lid, Black/Gray",459.096,112.9128,31
OFF-ST-10001370,Sensible Storage WireTech Storage Systems,2484.2999999999997,-78.07800000000022,38
OFF-ST-10001414,Decoflex Hanging Personal Folder File,46.26,12.0276,3
OFF-ST-10001418,Carina Media Storage Towers in Natural & Black,1073.248,-121.96000000000001,20
OFF-ST-10001469,Fellowes Bankers Box Recycled Super Stor/Drawer,1187.56,-30.228800000000035,24
OFF-ST-10001476,Steel Personal Filing/Posting Tote,937.4639999999999,185.7173,29
OFF-ST-10001490,"Hot File 7-Pocket, Floor Stand",8138.232,2016.711,49
OFF-ST-10001496,Standard Rollaway File with Lock,6594.954,1261.33,40
OFF-ST-10001505,"Perma STOR-ALL Hanging File Box, 13 1/8""W x 12 1/4""D x 10 1/2""H",233.382,21.573799999999977,43
OFF-ST-10001511,Space Solutions Commercial Steel Shelving,1952.43,-74.34750000000005,33
OFF-ST-10001522,"Gould Plastics 18-Pocket Panel Bin, 34w x 5-1/4d x 20-1/2h",2299.75,-172.9412,28
OFF-ST-10001526,Iceberg Mobile Mega Data/Printer Cart,5751.773999999999,1388.6082,49
OFF-ST-10001558,Acco Perma 4000 Stacking Storage Drawers,457.968,30.044,31
OFF-ST-10001580,Super Decoflex Portable Personal File,179.76,39.547200000000004,13
OFF-ST-10001590,"Tenex Personal Project File with Scoop Front Design, Black",517.6320000000001,118.62400000000001,40
OFF-ST-10001627,Eldon Jumbo ProFile Portable File Boxes Graphite/Black,36.744,3.6744,3
OFF-ST-10001713,"Gould Plastics 9-Pocket Panel Bin, 18-3/8w x 5-1/4d x 20-1/2h, Black",953.82,-63.588000000000015,20
OFF-ST-10001780,Tennsco 16-Compartment Lockers with Coat Rack,7515.523999999999,1114.3708,13
OFF-ST-10001809,Fellowes Officeware Wire Shelving,4509.465999999999,-332.37100000000004,55
OFF-ST-10001837,"SAFCO Mobile Desk Side File, Wire Frame",1240.04,259.1256,31
OFF-ST-10001932,Fellowes Staxonsteel Drawer Files,4829.25,509.9688,26
OFF-ST-10001963,Tennsco Regal Shelving Units,1764.534,-6.084600000000009,18
OFF-ST-10002011,Smead Adjustable Mobile File Trolley with Lockable Top,4778.766,1106.6616,12
OFF-ST-10002182,"Iris 3-Drawer Stacking Bin, Black",284.104,-43.4512,16
OFF-ST-10002205,File Shuttle I and Handi-File,262.668,51.42059999999999,13
OFF-ST-10002214,X-Rack File for Hanging Folders,318.378,67.74,30
OFF-ST-10002276,Safco Steel Mobile File Cart,683.552,120.872,9
OFF-ST-10002289,"Safco Wire Cube Shelving System, For Use as 4 or 5 14"" Cubes, Black",406.784,14.300999999999979,13
OFF-ST-10002292,"Sauder Facets Collection Locker/File Cabinet, Sky Alder Finish",1706.508,222.588,5
OFF-ST-10002301,Tennsco Commercial Shelving,374.256,-48.612600000000015,21
OFF-ST-10002344,"Carina 42""Hx23 3/4""W Media Storage Unit",1635.796,-110.13279999999992,22
OFF-ST-10002352,Iris Project Case,225.036,47.88,30
OFF-ST-10002370,"Sortfiler Multipurpose Personal File Organizer, Black",483.414,118.9284,24
OFF-ST-10002406,Pizazz Global Quick File,353.29200000000003,94.6104,24
OFF-ST-10002444,Recycled Eldon Regeneration Jumbo File,235.77599999999998,58.944,20
OFF-ST-10002485,Rogers Deluxe File Chest,443.996,-34.72840000000001,22
OFF-ST-10002486,Eldon Shelf Savers Cubes and Bins,300.14,-7.678000000000007,45
OFF-ST-10002554,Tennsco Industrial Shelving,1281.442,-108.58019999999999,29
OFF-ST-10002562,Staple magnet,219.49200000000002,30.391199999999998,28
OFF-ST-10002574,"SAFCO Commercial Wire Shelving, Black",4199.456,-635.444,35
OFF-ST-10002583,Fellowes Neat Ideas Storage Cubes,480.70399999999995,-18.1888,16
OFF-ST-10002615,"Dual Level, Single-Width Filing Carts",6574.544,1640.5348,43
OFF-ST-10002743,SAFCO Boltless Steel Shelving,4704.696,-470.4696000000001,46
OFF-ST-10002756,"Tennsco Stur-D-Stor Boltless Shelving, 5 Shelves, 24"" Deep, Sand",4384.044,-36.53369999999964,33
OFF-ST-10002790,Safco Industrial Shelving,1427.552,-154.56669999999997,16
OFF-ST-10002957,Sterilite Show Offs Storage Containers,78.144,-6.336,16
OFF-ST-10002974,"Trav-L-File Heavy-Duty Shuttle II, Black",1193.818,278.848,30
OFF-ST-10003058,Eldon Mobile Mega Data Cart  Mega Stackable  Add-On Trays,709.5,205.755,30
OFF-ST-10003123,Fellowes Bases and Tops For Staxonsteel/High-Stak Systems,858.8820000000001,201.07160000000002,26
OFF-ST-10003208,Adjustable Depth Letter/Legal Cart,7730.196,1932.5489999999998,45
OFF-ST-10003221,Staple magnet,53.4,14.418,5
OFF-ST-10003282,"Advantus 10-Drawer Portable Organizer, Chrome Metal Frame, Smoke Drawers",1051.776,277.2864,18
OFF-ST-10003306,Letter Size Cart,4600.092,1252.8822,33
OFF-ST-10003324,Belkin OmniView SE Rackmount Kit,248.35999999999999,0.0,7
OFF-ST-10003327,Akro-Mils 12-Gallon Tote,113.202,21.548099999999998,13
OFF-ST-10003442,Eldon Portable Mobile Manager,899.304,197.3944,34
OFF-ST-10003455,"Tenex File Box, Personal Filing Tote with Lid, Black",338.118,62.6604,24
OFF-ST-10003470,"Tennsco Snap-Together Open Shelving Units, Starter Sets and Add-On Units",6819.312,181.6619999999999,25
OFF-ST-10003479,"Eldon Base for stackable storage shelf, platinum",872.256,-52.569000000000045,25
OFF-ST-10003572,Portfile Personal File Boxes,99.11999999999999,7.434,7
OFF-ST-10003638,Mobile Personal File Cube,449.664,90.6354,21
OFF-ST-10003641,Space Solutions Industrial Galvanized Steel Shelving.,520.0799999999999,-20.487999999999957,7
OFF-ST-10003656,Safco Industrial Wire Shelving,1363.058,-126.7068,16
OFF-ST-10003692,Recycled Steel Personal File for Hanging File Folders,1053.032,151.65949999999998,21
OFF-ST-10003716,Tennsco Double-Tier Lockers,9630.856,429.7882,47
OFF-ST-10003722,Project Tote Personal File,193.61399999999998,44.19449999999999,15
OFF-ST-10003805,"24 Capacity Maxi Data Binder Racks, Pearl",3537.24,536.9024999999999,19
OFF-ST-10003816,Fellowes High-Stak Drawer Files,3946.656,419.3322,26
OFF-ST-10003994,"Belkin 19"" Center-Weighted Shelf, Gray",849.3119999999999,-47.184,16
OFF-ST-10003996,"Letter/Legal File Tote with Clear Snap-On Lid, Black Granite",218.416,52.0344,14
OFF-ST-10004123,Safco Industrial Wire Shelving System,2511.0480000000002,-218.352,30
OFF-ST-10004180,Safco Commercial Shelving,483.704,-7.441600000000009,11
OFF-ST-10004186,"Stur-D-Stor Shelving, Vertical 5-Shelf: 72""H x 36""W x 18 1/2""D",2552.54,51.050799999999995,23
OFF-ST-10004258,Portable Personal File Box,224.66400000000002,55.3113,19
OFF-ST-10004337,"SAFCO Commercial Wire Shelving, 72h",1445.2640000000001,-24.496,24
OFF-ST-10004340,"Fellowes Mobile File Cart, Black",2300.66,485.004,40
OFF-ST-10004459,Tennsco Single-Tier Lockers,9158.296,-825.7479999999999,28
OFF-ST-10004507,Advantus Rolling Storage Box,428.75,90.7235,27
OFF-ST-10004634,"Personal Folder Holder, Ebony",145.73000000000002,35.872,14
OFF-ST-10004804,"Belkin 19"" Vented Equipment Shelf, Black",1400.2559999999999,-179.6652,31
OFF-ST-10004835,Plastic Stacking Crates & Casters,35.712,2.6784,8
OFF-ST-10004946,Desktop 3-Pocket Hot File,259.68,59.510000000000005,5
OFF-ST-10004950,Acco Perma 3000 Stacking Storage Drawers,373.444,16.574199999999998,21
OFF-ST-10004950,"Tenex Personal Filing Tote With Secure Closure Lid, Black/Frost",279.18,23.26499999999998,22
OFF-ST-10004963,Eldon Gobal File Keepers,348.22,-0.6056000000000212,24
OFF-SU-10000151,High Speed Automatic Electric Letter Opener,17030.311999999998,-262.00480000000005,11
OFF-SU-10000157,Compact Automatic Electric Letter Opener,2982.75,-57.268799999999956,26
OFF-SU-10000381,Acme Forged Steel Scissors with Black Enamel Handles,279.3,67.7768,32
OFF-SU-10000432,Acco Side-Punched Conventional Columnar Pads,41.64,-7.8075,15
OFF-SU-10000646,Premier Automatic Letter Opener,2836.366,-427.8586,14
OFF-SU-10000898,"Acme Hot Forged Carbon Steel Scissors with Nickel-Plated Handles, 3 7/8"" Cut, 8""L",458.7,103.416,36
OFF-SU-10000946,Staple remover,153.216,34.2342,21
OFF-SU-10000952,Fiskars Home & Office Scissors,97.68,27.3504,11
OFF-SU-10001165,Acme Elite Stainless Steel Scissors,95.076,21.0168,12
OFF-SU-10001212,Kleencut Forged Office Shears by Acme United Corporation,9.568,2.2880000000000003,5
OFF-SU-10001218,Fiskars Softgrip Scissors,307.44,86.0832,28
OFF-SU-10001225,Staple remover,80.224,-6.329600000000001,24
OFF-SU-10001574,Acme Value Line Scissors,76.64999999999999,20.44,22
OFF-SU-10001664,Acme Office Executive Series Stainless Steel Trimmers,211.362,43.9292,27
OFF-SU-10001935,Staple remover,29.648,-3.836800000000003,16
OFF-SU-10002189,Acme Rosewood Handle Letter Opener,43.67,-3.493600000000001,12
OFF-SU-10002301,Serrated Blade or Curved Handle Hand Letter Openers,23.864,-4.1133999999999995,9
OFF-SU-10002503,Acme Preferred Stainless Steel Scissors,90.88,26.355200000000004,16
OFF-SU-10002522,Acme Kleen Earth Office Shears,44.232,11.174399999999999,12
OFF-SU-10002537,Acme Box Cutter Scissors,306.9,72.2238,31
OFF-SU-10002557,Fiskars Spring-Action Scissors,75.492,13.4208,6
OFF-SU-10002573,"Acme 10"" Easy Grip Assistive Scissors",448.76800000000003,129.722,26
OFF-SU-10002881,Martin Yale Chadless Opener Electric Letter Opener,16656.2,-1299.1835999999996,22
OFF-SU-10003002,Letter Slitter,10.08,0.3024,4
OFF-SU-10003505,Premier Electric Letter Opener,2641.6079999999997,-7.105427357601002e-15,24
OFF-SU-10003567,Stiletto Hand Letter Openers,136.32000000000002,-21.983999999999998,17
OFF-SU-10003936,Acme Serrated Blade Letter Opener,13.992,-1.7489999999999999,5
OFF-SU-10004115,Acme Stainless Steel Office Snips,81.424,12.4317,13
OFF-SU-10004231,Acme Tagit Stainless Steel Antibacterial Scissors,196.01999999999998,37.026,22
OFF-SU-10004261,"Fiskars 8"" Scissors, 2/Pack",217.224,45.85839999999998,14
OFF-SU-10004290,"Acme Design Line 8"" Stainless Steel Bent Scissors w/Champagne Handles, 3-1/8"" Cut",45.144,10.1916,7
OFF-SU-10004498,Martin-Yale Premier Letter Opener,236.99200000000002,-12.88,20
OFF-SU-10004661,Acme Titanium Bonded Scissors,102.0,20.23,13
OFF-SU-10004664,Acme Softgrip Scissors,166.056,33.1298,23
OFF-SU-10004737,Acme Design Stainless Steel Bent Scissors,88.92,24.0084,13
OFF-SU-10004768,Acme Kleencut Forged Steel Scissors,35.587999999999994,7.462,7
OFF-SU-10004782,"Elite 5"" Scissors",179.14,37.17999999999999,24
OFF-SU-10004884,Acme Galleria Hot Forged Steel Scissors with Colored Handles,195.052,49.864099999999986,13
TEC-AC-10000023,"Maxell 74 Minute CD-R Spindle, 50/Pack",503.28000000000003,181.1808,24
TEC-AC-10000057,Microsoft Natural Ergonomic Keyboard 4000,557.814,107.66409999999999,19
TEC-AC-10000109,Sony Micro Vault Click 16 GB USB 2.0 Flash Drive,1489.334,255.31440000000003,29
TEC-AC-10000158,Sony 64GB Class 10 Micro SDHC R40 Memory Card,899.75,132.0833,27
TEC-AC-10000171,"Verbatim 25 GB 6x Blu-ray Single Layer Recordable Disc, 25/Pack",248.29199999999997,91.0404,12
TEC-AC-10000199,Kingston Digital DataTraveler 8GB USB 2.0,44.03,-2.0229999999999997,9
TEC-AC-10000290,Sabrent 4-Port USB 2.0 Hub,96.418,29.197,15
TEC-AC-10000303,Logitech M510 Wireless Mouse,239.94,52.3869,7
TEC-AC-10000358,Imation Secure Drive + Hardware Encrypted USB flash drive - 16 GB,888.966,196.02839999999998,24
TEC-AC-10000387,KeyTronic KT800P2 - Keyboard - Black,75.1,1.2015999999999987,6
TEC-AC-10000397,"Perixx PERIBOARD-512B, Ergonomic Split Keyboard",419.88,29.391599999999997,12
TEC-AC-10000420,Logitech G500s Laser Gaming Mouse with Adjustable Weight Tuning,1399.8,429.7386,21
TEC-AC-10000474,Kensington Expert Mouse Optical USB Trackball for PC or Mac,1690.8220000000001,360.96199999999993,20
TEC-AC-10000487,SanDisk Cruzer 4 GB USB Flash Drive,25.96,5.5165,5
TEC-AC-10000521,"Verbatim Slim CD and DVD Storage Cases, 50/Pack",80.78,16.156,8
TEC-AC-10000580,Logitech G13 Programmable Gameboard with LCD Display,1039.87,43.194599999999994,14
TEC-AC-10000682,Kensington K72356US Mouse-in-a-Box USB Desktop Mouse,321.846,106.17599999999999,20
TEC-AC-10000710,Maxell DVD-RAM Discs,296.64,127.5552,18
TEC-AC-10000736,Logitech G600 MMO Gaming Mouse,1615.798,540.7324,21
TEC-AC-10000844,Logitech Gaming G510s - Keyboard,2362.7219999999998,676.5204,31
TEC-AC-10000865,WD My Passport Ultra 500GB Portable External Hard Drive,708.0,120.36,12
TEC-AC-10000892,NETGEAR N750 Dual Band Wi-Fi Gigabit Router,1890.0,622.8,22
TEC-AC-10000926,NETGEAR RangeMax WNR1000 Wireless Router,59.976,11.9952,3
TEC-AC-10000927,Anker Ultrathin Bluetooth Wireless Keyboard Aluminum Cover with Stand,491.836,32.989000000000004,17
TEC-AC-10000990,Imation Bio 2GB USB Flash Drive Imation Corp,2098.88,881.5296,16
TEC-AC-10000991,Sony Micro Vault Click 8 GB USB 2.0 Flash Drive,582.6759999999999,57.3278,13
TEC-AC-10001013,Logitech ClearChat Comfort/USB Headset H390,533.078,160.21629999999996,19
TEC-AC-10001090,Micro Innovations Wireless Classic Keyboard with Mouse,107.964,9.5968,4
TEC-AC-10001101,Sony 16GB Class 10 Micro SDHC R40 Memory Card,190.772,5.155999999999999,16
TEC-AC-10001109,Logitech Trackman Marble Mouse,773.742,286.70439999999996,28
TEC-AC-10001114,Microsoft Wireless Mobile Mouse 4000,591.852,183.954,15
TEC-AC-10001142,First Data FD10 PIN Pad,1722.2,15.799999999999905,24
TEC-AC-10001266,Memorex Micro Travel Drive 8 GB,299.0,113.1,26
TEC-AC-10001267,Imation 32GB Pocket Pro USB 3.0 Flash Drive - 32 GB - Black - 1 P ...,467.22,143.76,18
TEC-AC-10001284,Enermax Briskie RF Wireless Keyboard and Mouse Combo,469.402,150.3748,24
TEC-AC-10001314,Case Logic 2.4GHz Wireless Keyboard,1229.754,-11.997600000000038,27
TEC-AC-10001383,Logitech Wireless Touch Keyboard K400,364.854,53.728499999999976,15
TEC-AC-10001432,Enermax Aurora Lite Keyboard,1641.15,722.106,21
TEC-AC-10001445,Imation USB 2.0 Swivel Flash Drive USB flash drive - 4 GB - Pink,42.42,8.9082,14
TEC-AC-10001465,SanDisk Cruzer 64 GB USB Flash Drive,1184.032,319.616,34
TEC-AC-10001539,Logitech G430 Surround Sound Gaming Headset with Dolby 7.1 Technology,1247.844,377.5528,17
TEC-AC-10001542,SanDisk Cruzer 16 GB USB Flash Drive,107.912,14.923999999999996,10
TEC-AC-10001552,Logitech K350 2.4Ghz Wireless Keyboard,1154.664,47.2815,25
TEC-AC-10001553,"Memorex 25GB 6X Branded Blu-Ray Recordable Disc, 15/Pack",373.78000000000003,24.805400000000006,26
TEC-AC-10001590,Dell Slim USB Multimedia Keyboard,125.0,30.0,5
TEC-AC-10001606,Logitech Wireless Performance Mouse MX for PC and Mac,1799.8200000000002,497.9502,21
TEC-AC-10001635,KeyTronic KT400U2 - Keyboard - Black,148.03199999999998,24.672,15
TEC-AC-10001714,Logitech MX Performance Wireless Mouse,789.822,211.8159,23
TEC-AC-10001767,SanDisk Ultra 64 GB MicroSDHC Class 10 Memory Card,927.768,37.9905,25
TEC-AC-10001772,Memorex Mini Travel Drive 16 GB USB 2.0 Flash Drive,718.65,280.2735,45
TEC-AC-10001838,Razer Tiamat Over Ear 7.1 Surround Sound PC Gaming Headset,5119.744000000001,2155.8922000000002,26
TEC-AC-10001874,Logitech Wireless Anywhere Mouse MX for PC and Mac,551.908,89.985,11
TEC-AC-10001908,Logitech Wireless Headset h800,2799.72,719.928,32
TEC-AC-10001956,Microsoft Arc Touch Mouse,359.70000000000005,91.124,7
TEC-AC-10001990,Kensington Orbit Wireless Mobile Trackball for PC and Mac,1703.716,357.5404,33
TEC-AC-10001998,Logitech LS21 Speaker System - PC Multimedia - 2.1-CH - Wired,207.896,62.76859999999999,11
TEC-AC-10002001,Logitech Wireless Gaming Headset G930,2879.82,763.1523,21
TEC-AC-10002006,Memorex Micro Travel Drive 16 GB,556.452,126.1611,39
TEC-AC-10002018,AmazonBasics 3-Button USB Wired Mouse,88.074,32.2938,14
TEC-AC-10002049,Logitech G19 Programmable Gaming Keyboard,4389.246,729.0611999999999,36
TEC-AC-10002049,Plantronics Savi W720 Multi-Device Wireless Headset System,9367.289999999999,3696.2819999999997,24
TEC-AC-10002076,Microsoft Natural Keyboard Elite,1497.0,20.95799999999999,29
TEC-AC-10002134,Rosewill 107 Normal Keys USB Wired Standard Keyboard,105.14399999999999,0.8087999999999997,9
TEC-AC-10002167,Imation 8gb Micro Traveldrive Usb 2.0 Flash Drive,357.0,23.25,25
TEC-AC-10002217,Imation Clip USB flash drive - 8 GB,443.67999999999995,1.879999999999999,25
TEC-AC-10002253,Imation Bio 8GB USB Flash Drive Imation Corp,2659.84,398.976,16
TEC-AC-10002305,KeyTronic E03601U1 - Keyboard - Beige,324.0,58.32,18
TEC-AC-10002323,SanDisk Ultra 32 GB MicroSDHC Class 10 Memory Card,884.0,38.012,44
TEC-AC-10002331,"Maxell 74 Minute CDR, 10/Pack",232.76399999999998,72.5676,26
TEC-AC-10002335,Logitech Media Keyboard K200,503.856,50.385599999999975,16
TEC-AC-10002345,HP Standard 104 key PS/2 Keyboard,275.5,58.0,20
TEC-AC-10002370,Maxell CD-R Discs,15.76,3.7036,9
TEC-AC-10002380,Sony 8GB Class 10 Micro SDHC R40 Memory Card,27.192,0.339899999999997,3
TEC-AC-10002399,SanDisk Cruzer 32 GB USB Flash Drive,361.38,102.708,20
TEC-AC-10002402,Razer Kraken PRO Over Ear PC and Music Headset,2159.73,479.94000000000005,30
TEC-AC-10002473,Maxell 4.7GB DVD-R,1231.692,411.2262,49
TEC-AC-10002550,Maxell 4.7GB DVD-RW 3/Pack,146.55599999999998,41.418,10
TEC-AC-10002550,"Memorex 25GB 6X Branded Blu-Ray Recordable Disc, 30/Pack",472.86,-32.2695,17
TEC-AC-10002558,Imation Swivel Flash Drive USB flash drive - 8 GB,54.57599999999999,17.6235,5
TEC-AC-10002567,Logitech G602 Wireless Gaming Mouse,1999.75,515.1356000000001,29
TEC-AC-10002600,Belkin QODE FastFit Bluetooth Keyboard,495.6,16.107,9
TEC-AC-10002637,Logitech VX Revolution Cordless Laser Mouse for Notebooks (Black),3743.7920000000004,21.5987999999999,22
TEC-AC-10002647,"Logitech Wireless Boombox Speaker - portable - wireless, wired",383.04,148.96,4
TEC-AC-10002718,Belkin Standard 104 key USB Keyboard,265.538,5.106499999999999,21
TEC-AC-10002800,Plantronics Audio 478 Stereo USB Headset,1619.676,514.8969999999999,34
TEC-AC-10002842,WD My Passport Ultra 2TB Portable External Hard Drive,3998.4,499.8,35
TEC-AC-10002857,"Verbatim 25 GB 6x Blu-ray Single Layer Recordable Disc, 1/Pack",83.44,11.473,14
TEC-AC-10002926,Logitech Wireless Marathon Mouse M705,1409.718,554.889,30
TEC-AC-10002942,WD My Passport Ultra 1TB Portable External Hard Drive,1007.4,33.809999999999924,17
TEC-AC-10003023,Logitech G105 Gaming Keyboard,759.936,78.36840000000001,14
TEC-AC-10003027,Imation 8GB Mini TravelDrive USB 2.0 Flash Drive,350.20399999999995,8.7551,13
TEC-AC-10003033,Plantronics CS510 - Over-the-Head monaural Wireless Headset System,10822.36,3085.0325,35
TEC-AC-10003038,Kingston Digital DataTraveler 16GB USB 2.0,477.93,64.70849999999996,57
TEC-AC-10003063,Micro Innovations USB RF Wireless Keyboard with Mouse,440.0,84.5,18
TEC-AC-10003095,Logitech G35 7.1-Channel Surround Sound Headset,2157.8340000000003,699.3462,17
TEC-AC-10003116,Memorex Froggy Flash Drive 8 GB,536.05,189.57,32
TEC-AC-10003133,Memorex Mini Travel Drive 4 GB USB 2.0 Flash Drive,13.616,3.5742,2
TEC-AC-10003174,Plantronics S12 Corded Telephone Headset System,2242.032,754.5300000000001,23
TEC-AC-10003198,Enermax Acrylux Wireless Keyboard,2450.16,630.468,29
TEC-AC-10003237,Memorex Micro Travel Drive 4 GB,103.88000000000001,37.418,11
TEC-AC-10003280,Belkin F8E887 USB Wired Ergonomic Keyboard,563.812,66.27789999999997,21
TEC-AC-10003289,Anker Ultra-Slim Mini Bluetooth 3.0 Wireless Keyboard,499.75,99.5502,26
TEC-AC-10003399,Memorex Mini Travel Drive 64 GB USB 2.0 Flash Drive,543.6,228.312,15
TEC-AC-10003433,Maxell 4.7GB DVD+R 5/Pack,11.682,4.6035,13
TEC-AC-10003441,Kingston Digital DataTraveler 32GB USB 2.0,355.95,5.4239999999999995,22
TEC-AC-10003447,Micropad Numeric Keypads,291.854,66.9665,15
TEC-AC-10003499,Memorex Mini Travel Drive 8 GB USB 2.0 Flash Drive,194.54399999999998,53.268,20
TEC-AC-10003590,"TRENDnet 56K USB 2.0 Phone, Internet and Fax Modem",626.538,212.298,25
TEC-AC-10003610,Logitech Illuminated - Keyboard,1139.81,515.914,20
TEC-AC-10003614,"Verbatim 25 GB 6x Blu-ray Single Layer Recordable Disc, 10/Pack",150.67000000000002,41.955799999999996,14
TEC-AC-10003628,Logitech 910-002974 M325 Wireless Mouse for Web Scrolling,1409.53,536.2212,52
TEC-AC-10003657,Lenovo 17-Key USB Numeric Keypad,367.092,22.43339999999998,13
TEC-AC-10003709,Maxell 4.7GB DVD-R 5/Pack,19.008,7.3656,21
TEC-AC-10003832,Imation 16GB Mini TravelDrive USB 2.0 Flash Drive,1007.152,342.56419999999997,34
TEC-AC-10003832,Logitech P710e Mobile Speakerphone,10196.604,1645.3610999999996,41
TEC-AC-10003870,Logitech Z-906 Speaker sys - home theater - 5.1-CH,5609.83,2243.9320000000002,17
TEC-AC-10003911,NETGEAR AC1750 Dual Band Gigabit Smart WiFi Router,2623.8360000000002,723.1547999999999,18
TEC-AC-10004001,Logitech Wireless Headset H600 Over-The-Head Design,386.90999999999997,133.269,10
TEC-AC-10004114,KeyTronic 6101 Series - Keyboard - Black,360.712,127.06899999999999,10
TEC-AC-10004127,SanDisk Cruzer 8 GB USB Flash Drive,27.168,-1.3584,4
TEC-AC-10004145,Logitech diNovo Edge Keyboard,7399.704,1432.4427,31
TEC-AC-10004171,Razer Kraken 7.1 Surround Sound Over Ear USB Gaming Headset,2619.738,995.9004,29
TEC-AC-10004209,Memorex Froggy Flash Drive 4 GB,136.276,42.4214,14
TEC-AC-10004227,SanDisk Ultra 16 GB MicroSDHC Class 10 Memory Card,329.94599999999997,-48.5826,31
TEC-AC-10004353,Hypercom P1300 Pinpad,1108.8,275.31,21
TEC-AC-10004396,Logitech Keyboard K120,174.24,-19.60199999999999,12
TEC-AC-10004420,Cherry 142-key Programmable Keyboard,479.72,52.7692,4
TEC-AC-10004469,Microsoft Sculpt Comfort Mouse,1574.03,634.406,42
TEC-AC-10004510,Logitech Desktop MK120 Mouse and keyboard Combo,778.736,42.536,50
TEC-AC-10004518,Memorex Mini Travel Drive 32 GB USB 2.0 Flash Drive,280.0,109.19999999999999,14
TEC-AC-10004568,Maxell LTO Ultrium - 800 GB,1086.012,156.46409999999997,41
TEC-AC-10004571,Logitech G700s Rechargeable Gaming Mouse,2339.766,889.9110000000001,25
TEC-AC-10004595,First Data TMFD35 PIN Pad,571.2,119.952,4
TEC-AC-10004633,"Verbatim 25 GB 6x Blu-ray Single Layer Recordable Disc, 3/Pack",184.536,67.104,30
TEC-AC-10004659,Imation Secure+ Hardware Encrypted USB 2.0 Flash Drive; 16GB,1926.9360000000001,408.744,32
TEC-AC-10004666,Maxell iVDR EX 500GB Cartridge,2755.4,1184.8220000000001,10
TEC-AC-10004708,Sony 32GB Class 10 Micro SDHC R40 Memory Card,251.4,52.794,12
TEC-AC-10004761,Maxell 4.7GB DVD+RW 3/Pack,264.438,88.4115,17
TEC-AC-10004803,Sony Micro Vault Click 4 GB USB 2.0 Flash Drive,250.92000000000002,35.1288,18
TEC-AC-10004814,Logitech Illuminated Ultrathin Keyboard with Backlighting,170.97,70.0977,3
TEC-AC-10004855,V7 USB Numeric Keypad,461.868,-58.7832,16
TEC-AC-10004859,"Maxell Pro 80 Minute CD-R, 10/Pack",374.072,122.36,24
TEC-AC-10004864,Memorex Micro Travel Drive 32 GB,379.70399999999995,129.9756,12
TEC-AC-10004877,Imation 30456 USB Flash Drive 8GB,154.56,8.556000000000001,23
TEC-AC-10004901,Kensington SlimBlade Notebook Wireless Mouse with Nano Receiver,549.89,120.9758,13
TEC-AC-10004975,Plantronics Audio 995 Wireless Stereo Headset,1913.1299999999999,587.1329999999999,18
TEC-AC-10004992,Kingston Digital DataTraveler 64GB USB 2.0,202.68,16.21439999999998,6
TEC-CO-10000971,Hewlett Packard 310 Color Digital Copier,4199.86,839.972,16
TEC-CO-10001046,Canon Imageclass D680 Copier / Fax,8959.872000000001,2799.9599999999996,16
TEC-CO-10001449,Hewlett Packard LaserJet 3310 Copier,18839.686,6983.8836,38
TEC-CO-10001571,Sharp 1540cs Digital Laser Copier,4399.92,1649.97,10
TEC-CO-10001766,Canon PC940 Copier,5669.874,2092.4535,15
TEC-CO-10001943,Canon PC-428 Personal Copier,4119.794,1469.9265,25
TEC-CO-10002095,Hewlett Packard 610 Color Digital Copier / Printer,8899.822,3124.9374999999995,21
TEC-CO-10002313,Canon PC1080F Personal Copier,7217.16,2450.0787,19
TEC-CO-10003236,Canon Image Class D660 Copier,3959.9339999999997,1691.9718,7
TEC-CO-10003763,Canon PC1060 Personal Laser Copier,11619.834,4570.9347,19
TEC-CO-10004115,Sharp AL-1530CS Digital Copier,6399.872,2064.9587,17
TEC-CO-10004202,Brother DCP1000 Digital 3 in 1 Multifunction Machine,4859.838,1154.9615000000001,19
TEC-CO-10004722,Canon imageCLASS 2200 Advanced Copier,61599.824,25199.928,20
TEC-MA-10000010,Hewlett-Packard Deskjet 3050a All-in-One Color Inkjet Printer,3040.0,1459.2,8
TEC-MA-10000029,"Epson WorkForce WF-2530 All-in-One Printer, Copier Scanner",279.96,120.3828,4
TEC-MA-10000045,Zebra ZM400 Thermal Label Printer,6965.700000000001,3343.536,6
TEC-MA-10000112,Panasonic KX MB2061 Multifunction Printer,2396.4,179.73,10
TEC-MA-10000418,Cubify CubeX 3D Printer Double Head Print,11099.963,-8879.9704,9
TEC-MA-10000423,Texas Instruments TI-34 Scientific Calculator,204.507,64.6506,12
TEC-MA-10000488,Bady BDG101FRU Card Printer,9279.884,1327.9834,14
TEC-MA-10000597,Lexmark S315 Color Inkjet Printer,299.97,34.996500000000005,5
TEC-MA-10000752,Texas Instrument TI-15 Fraction Calculator,41.905,-20.519,8
TEC-MA-10000822,Lexmark MX611dhe Monochrome Laser Printer,16829.901,-4589.973000000001,18
TEC-MA-10000864,Cisco 9971 IP Video Phone Charcoal,4268.0,466.4,16
TEC-MA-10000904,"Brother MFC-9340CDW LED All-In-One Printer, Copier Scanner",341.991,-319.1916,3
TEC-MA-10000984,Okidata MB760 Printer,7834.4,881.37,7
TEC-MA-10001016,Canon PC170 Desktop Personal Copier,575.82,67.179,6
TEC-MA-10001031,Socket Bluetooth Cordless Hand Scanner (CHS),506.28,177.198,3
TEC-MA-10001047,"3D Systems Cube Printer, 2nd Generation, Magenta",14299.89,3717.9714000000004,11
TEC-MA-10001127,"HP Designjet T520 Inkjet Large Format Printer - 24"" Color",18374.895,4094.9766,12
TEC-MA-10001148,Okidata MB491 Multifunction Printer,2844.2999999999997,-434.13,9
TEC-MA-10001148,Swingline SM12-08 MicroCut Jam Free Shredder,2359.941,-447.9888,13
TEC-MA-10001570,Cisco Desktop Collaboration Experience DX650 IP Video Phone,385.8,130.2075,5
TEC-MA-10001681,Lexmark MarkNet N8150 Wireless Print Server,723.51,-506.457,6
TEC-MA-10001695,Zebra GK420t Direct Thermal/Thermal Transfer Printer,703.71,-938.28,6
TEC-MA-10001856,Okidata C610n Printer,649.0,-272.58,2
TEC-MA-10001972,Okidata C331dn Printer,3210.8,111.6800000000002,12
TEC-MA-10002073,"3D Systems Cube Printer, 2nd Generation, White",2339.982,-467.9964,3
TEC-MA-10002109,"HP Officejet Pro 8600 e-All-In-One Printer, Copier, Scanner, Fax",449.97,47.99679999999998,4
TEC-MA-10002178,Cisco CP-7937G Unified IP Conference Station Phone,1391.4,-55.656,4
TEC-MA-10002210,Epson TM-T88V Direct Thermal Printer - Monochrome - Desktop,1212.705,-1057.23,10
TEC-MA-10002412,Cisco TelePresence System EX90 Videoconferencing Unit,22638.48,-1811.0784,6
TEC-MA-10002428,Fellowes Powershred HS-440 4-Sheet High Security Shredder,2541.8360000000002,1092.6795000000002,17
TEC-MA-10002694,Hewlett-Packard Deskjet F4180 All-in-One Color Ink-jet - Printer / copier / scanner,101.994,-71.3958,2
TEC-MA-10002790,NeatDesk Desktop Scanner & Digital Filing System,479.988,55.9986,2
TEC-MA-10002859,Ativa MDM8000 8-Sheet Micro-Cut Shredder,917.8979999999999,393.2563,11
TEC-MA-10002927,Canon imageCLASS MF7460 Monochrome Digital Laser Multifunction Copier,3991.98,1995.99,2
TEC-MA-10002930,Ricoh - Ink Collector Unit for GX3000 Series Printers,465.64500000000004,36.916,14
TEC-MA-10002937,"Canon Color ImageCLASS MF8580Cdw Wireless Laser All-In-One Printer, Copier, Scanner",1007.979,43.1991,3
TEC-MA-10002981,I.R.I.S IRISCard Anywhere 5 Card Scanner,350.973,152.0883,3
TEC-MA-10003066,Wasp CCD Handheld Bar Code Reader,336.51,44.868,3
TEC-MA-10003173,Hewlett-Packard 300S Scientific Calculator,131.1,60.306,10
TEC-MA-10003176,Okidata B400 Printer,1716.0,193.0499999999999,5
TEC-MA-10003183,DYMO CardScan Personal V9 Business Card Scanner,1343.9160000000002,463.971,11
TEC-MA-10003230,Okidata C610n Printer,1362.9,-19.4700000000001,3
TEC-MA-10003246,Hewlett-Packard Deskjet D4360 Printer,447.968,139.99,4
TEC-MA-10003329,"Vtech AT&T CL2940 Corded Speakerphone, Black",71.976,24.2919,3
TEC-MA-10003337,Okidata B401 Printer,179.991,-251.9874,3
TEC-MA-10003353,Xerox WorkCentre 6505DN Laser Multifunction Printer,2519.958,-251.9958,7
TEC-MA-10003356,Panasonic KX MC6040 Color Laser Multifunction Printer,1619.82,-22.497500000000002,5
TEC-MA-10003493,Penpower WorldCard Pro Card Scanner,91.475,-1.8295,1
TEC-MA-10003589,Cisco 8961 IP Phone Charcoal,224.937,-164.9538,3
TEC-MA-10003626,Hewlett-Packard Deskjet 6540 Color Inkjet Printer,1396.21,139.621,6
TEC-MA-10003673,Hewlett-Packard Desktjet 6988DT Refurbished Printer,3404.5,1668.205,5
TEC-MA-10003674,Hewlett-Packard Deskjet 5550 Printer,597.132,49.761,3
TEC-MA-10003979,Ativa V4110MDD Micro-Cut Shredder,7699.89,3772.9461,11
TEC-MA-10004002,Zebra GX420t Direct Thermal/Thermal Transfer Printer,5787.3550000000005,509.712,14
TEC-MA-10004086,Plantronics Single Ear Headset,29.925,-21.945,5
TEC-MA-10004125,Cubify CubeX 3D Printer Triple Head Print,7999.98,-3839.9904,4
TEC-MA-10004212,Cisco SPA525G2 5-Line IP Phone,1379.92,648.5624,8
TEC-MA-10004241,Star Micronics TSP800 TSP847IIU Receipt Printer,1286.85,360.318,4
TEC-MA-10004255,Konica Minolta magicolor 1690MF Multifunction Printer,319.92,118.3704,8
TEC-MA-10004458,Lexmark X 9575 Professional All-in-One Color Printer,396.0,190.08,4
TEC-MA-10004521,Epson Perfection V600 Photo Scanner,206.991,-172.4925,3
TEC-MA-10004552,Star Micronics TSP100 TSP143LAN Receipt Printer,1035.8,269.308,4
TEC-MA-10004626,Lexmark 20R1285 X6650 Wireless All-in-One Printer,600.0,218.4,6
TEC-MA-10004679,StarTech.com 10/100 VDSL2 Ethernet Extender Kit,2330.65,-785.7620000000001,13
TEC-PH-10000004,Belkin iPhone and iPad Lightning Cable,83.944,6.295799999999999,7
TEC-PH-10000011,PureGear Roll-On Screen Protector,571.7139999999999,218.2908,34
TEC-PH-10000038,Jawbone MINI JAMBOX Wireless Bluetooth Speaker,2027.304,-339.7104,18
TEC-PH-10000127,iOttie XL Car Mount,223.88799999999998,-50.3748,14
TEC-PH-10000141,Clearsounds A400,488.326,-48.8326,11
TEC-PH-10000148,Cyber Acoustics AC-202b Speech Recognition Stereo Headset,119.508,-20.5242,11
TEC-PH-10000149,Cisco SPA525G2 IP Phone - Wireless,426.93,43.092,26
TEC-PH-10000169,ARKON Windshield Dashboard Air Vent Car Mount Holder,216.96,-15.594000000000023,14
TEC-PH-10000193,Jensen SMPS-640 - speaker phone,496.584,88.28160000000001,12
TEC-PH-10000213,Seidio BD2-HK3IPH5-BK DILEX Case and Holster Combo for Apple iPhone 5/5s - Black,272.88800000000003,27.288800000000002,11
TEC-PH-10000215,Plantronics Cordless Phone Headset with In-line Volume - M214C,908.7,219.83550000000002,27
TEC-PH-10000307,Shocksock Galaxy S4 Armband,63.51,-10.074000000000002,7
TEC-PH-10000347,Cush Cases Heavy Duty Rugged Cover Case for Samsung Galaxy S5 - Purple,65.34,3.9105000000000003,17
TEC-PH-10000369,HTC One Mini,2041.038,317.4948000000001,19
TEC-PH-10000376,Square Credit Card Reader,173.826,11.1888,22
TEC-PH-10000439,GE DSL Phone Line Filter,495.87600000000003,69.9825,15
TEC-PH-10000441,VTech DS6151,2746.582,478.7620000000001,25
TEC-PH-10000455,GE 30522EE2,1159.9,336.371,10
TEC-PH-10000486,Plantronics HL10 Handset Lifter,2227.008,250.5383999999999,24
TEC-PH-10000526,Vtech CS6719,2630.1259999999997,418.5164,32
TEC-PH-10000560,Samsung Galaxy S III - 16GB - pebble blue (T-Mobile),7139.796,83.99760000000003,28
TEC-PH-10000562,Samsung Convoy 3,688.138,-31.077199999999998,9
TEC-PH-10000576,AT&T 1080 Corded phone,1945.258,145.2094,18
TEC-PH-10000586,AT&T SB67148 SynJ,475.128,89.74640000000001,8
TEC-PH-10000673,Plantronics Voyager Pro HD - Bluetooth Headset,1221.812,376.942,25
TEC-PH-10000675,Panasonic KX TS3282B Corded phone,590.328,44.2746,9
TEC-PH-10000702,"Square Credit Card Reader, 4 1/2"" x 4 1/2"" x 1"", White",225.728,64.77189999999999,32
TEC-PH-10000730,Samsung Galaxy S4 Active,3999.92,1039.9792,8
TEC-PH-10000895,Polycom VVX 310 VoIP phone,6227.654,899.95,40
TEC-PH-10000912,Anker 24W Portable Micro USB Car Charger,61.544,14.0672,8
TEC-PH-10000923,"Belkin SportFit Armband For iPhone 5s/5c, Fuchsia",239.84,79.2971,21
TEC-PH-10000984,Panasonic KX-TG9471B,5410.416,1287.9229,32
TEC-PH-10001051,HTC One,1119.888,125.9874,14
TEC-PH-10001061,Apple iPhone 5C,1339.866,229.977,15
TEC-PH-10001079,Polycom SoundPoint Pro SE-225 Corded phone,1903.8400000000001,276.0568,19
TEC-PH-10001128,Motorola Droid Maxx,2609.826,341.9772,21
TEC-PH-10001198,Avaya 4621SW VoIP phone,709.92,79.866,12
TEC-PH-10001254,Jabra BIZ 2300 Duo QD Duo Corded Headset,1727.064,129.5298,17
TEC-PH-10001299,Polycom CX300 Desktop Phone USB VoIP phone,1679.8880000000001,59.995999999999995,15
TEC-PH-10001300,"iKross Bluetooth Portable Keyboard + Cell Phone Stand Holder + Brush for Apple iPhone 5S 5C 5, 4S 4",1315.66,350.284,64
TEC-PH-10001305,Panasonic KX TS208W Corded phone,1283.538,154.8084,32
TEC-PH-10001336,Digium D40 VoIP phone,3044.164,571.4257,27
TEC-PH-10001363,Apple iPhone 5S,4901.914000000001,512.991,11
TEC-PH-10001425,Mophie Juice Pack Helium for iPhone,1583.8020000000001,201.57479999999998,24
TEC-PH-10001433,Cisco Small Business SPA 502G VoIP phone,882.102,58.4649,11
TEC-PH-10001448,Anker Astro 15000mAh USB Portable Charger,599.88,-23.99520000000006,13
TEC-PH-10001459,Samsung Galaxy Mega 6.3,13943.668,1822.7566,39
TEC-PH-10001468,Panasonic Business Telephones KX-T7736,546.06,163.818,3
TEC-PH-10001494,Polycom CX600 IP Phone VoIP phone,4619.23,896.8505,17
TEC-PH-10001527,Plantronics MX500i Earset,618.48,-6.4425,15
TEC-PH-10001530,Cisco Unified IP Phone 7945G VoIP phone,6751.602,102.29699999999998,26
TEC-PH-10001530,Plantronics Voyager Pro Legend,1359.534,173.0316,8
TEC-PH-10001536,Spigen Samsung Galaxy S5 Case Wallet,234.462,45.873000000000005,15
TEC-PH-10001552,I Need's 3d Hello Kitty Hybrid Silicone Case Cover for HTC One X 4g with 3d Hello Kitty Stylus Pen Green/pink,542.984,95.2016,52
TEC-PH-10001557,Pyle PMP37LED,3590.026,576.8998999999999,43
TEC-PH-10001578,Polycom SoundStation2 EX Conference phone,3968.5099999999998,518.3359999999999,12
TEC-PH-10001580,Logitech Mobile Speakerphone P710e - speaker phone,1916.716,241.6142,17
TEC-PH-10001615,AT&T CL82213,481.234,131.32469999999998,17
TEC-PH-10001619,LG G3,1803.1080000000002,411.579,10
TEC-PH-10001644,"BlueLounge Milo Smartphone Stand, White/Metallic",335.88800000000003,76.77440000000001,12
TEC-PH-10001700,Panasonic KX-TG6844B Expandable Digital Cordless Telephone,1135.028,75.22860000000003,22
TEC-PH-10001750,Samsung Rugby III,1385.79,229.6452,24
TEC-PH-10001760,Bose SoundLink Bluetooth Speaker,2865.6000000000004,967.14,18
TEC-PH-10001795,ClearOne CHATAttach 160 - speaker phone,6695.892,1053.9830000000002,13
TEC-PH-10001795,RCA H5401RE1 DECT 6.0 4-Line Cordless Handset With Caller ID/Call Waiting,239.97,2.39969999999998,3
TEC-PH-10001809,Panasonic KX T7736-B Digital phone,1259.58,134.95499999999998,10
TEC-PH-10001817,Wilson Electronics DB Pro Signal Booster,8878.4,515.5200000000002,32
TEC-PH-10001819,Innergie mMini Combo Duo USB Travel Charging Kit,746.834,302.3328,19
TEC-PH-10001835,Jawbone JAMBOX Wireless Bluetooth Speaker,2022.272,872.1048000000001,14
TEC-PH-10001870,Lunatik TT5L-002 Taktik Strike Impact Protection System for iPhone 5,281.658,6.122999999999979,6
TEC-PH-10001918,Nortel Business Series Terminal T7208 Digital phone,1000.7280000000001,100.0728,9
TEC-PH-10001924,iHome FM Clock Radio with Lightning Dock,699.9,17.49750000000001,13
TEC-PH-10001944,Wi-Ex zBoost YX540 Cellular Phone Signal Booster,2957.71,689.1815999999998,29
TEC-PH-10001949,Cisco SPA 501G IP Phone,213.48,16.011,3
TEC-PH-10002033,Konftel 250 Conference phone - Charcoal black,2221.596,324.69480000000004,9
TEC-PH-10002070,Griffin GC36547 PowerJolt SE Lightning Charger,175.422,17.992,10
TEC-PH-10002075,AT&T EL51110 DECT,377.97,109.6113,3
TEC-PH-10002085,Clarity 53712,752.2860000000001,68.6296,14
TEC-PH-10002103,Jabra SPEAK 410,3158.064,654.1704,37
TEC-PH-10002114,Xiaomi Mi3,2279.96,592.7896,4
TEC-PH-10002115,Plantronics 81402,844.6719999999999,112.18299999999999,15
TEC-PH-10002170,ClearSounds CSC500 Amplified Spirit Phone Corded phone,1119.84,162.3768,19
TEC-PH-10002185,QVS USB Car Charger 2-Port 2.1Amp for iPod/iPhone/iPad/iPad 2/iPad 3,79.22999999999999,29.537499999999998,13
TEC-PH-10002200,Aastra 6757i CT Wireless VoIP phone,2929.984,482.5856,16
TEC-PH-10002200,Samsung Galaxy Note 2,4507.902,-128.79719999999998,14
TEC-PH-10002262,LG Electronics Tone+ HBS-730 Bluetooth Headset,904.552,133.3024,18
TEC-PH-10002275,Mitel 5320 IP Phone VoIP phone,2116.688,211.66879999999998,14
TEC-PH-10002293,Anker 36W 4-Port USB Wall Charger Travel Power Adapter for iPhone 5s 5c 5,339.83,23.18840000000001,22
TEC-PH-10002310,Panasonic KX T7731-B Digital phone,659.934,75.9924,8
TEC-PH-10002310,Plantronics Calisto P620-M USB Wireless Speakerphone System,2508.672,505.6542,14
TEC-PH-10002350,Apple EarPods with Remote and Mic,251.91,50.382000000000005,10
TEC-PH-10002352,Avaya IP Phone 1140E VoIP phone,1394.95,362.687,5
TEC-PH-10002365,Belkin Grip Candy Sheer Case / Cover for iPhone 5 and 5S,64.972,12.9944,8
TEC-PH-10002398,AT&T 1070 Corded Phone,1070.304,133.788,12
TEC-PH-10002415,Polycom VoiceStation 500 Conference phone,3657.38,339.1925000000001,15
TEC-PH-10002447,AT&T CL83451 4-Handset Telephone,1936.306,473.777,10
TEC-PH-10002468,"Plantronics CS 50-USB - headset - Convertible, Monaural",1468.692,178.1469,13
TEC-PH-10002483,Motorola Moto X,1631.952,142.79579999999999,6
TEC-PH-10002496,Cisco SPA301,4180.532,904.742,30
TEC-PH-10002538,Grandstream GXP1160 VoIP phone,803.692,157.70559999999998,24
TEC-PH-10002549,Polycom SoundPoint IP 450 VoIP phone,3839.62,162.6192,22
TEC-PH-10002555,Nortel Meridian M5316 Digital phone,2744.87,253.77100000000002,13
TEC-PH-10002563,Adtran 1202752G1,1990.6419999999998,312.4552,18
TEC-PH-10002564,OtterBox Defender Series Case - Samsung Galaxy S4,689.77,122.95899999999995,27
TEC-PH-10002583,iOttie HLCRIO102 Car Mount,215.892,-11.99400000000001,12
TEC-PH-10002584,Samsung Galaxy S4,6134.702,438.193,13
TEC-PH-10002597,Xblue XB-1670-86 X16 Small Office Telephone - Titanium,604.752,132.2895,5
TEC-PH-10002624,Samsung Galaxy S4 Mini,6109.870000000001,1104.4764999999998,15
TEC-PH-10002645,LG G2,1499.97,-374.9925,5
TEC-PH-10002660,Nortel Networks T7316 E Nt8 B27,1876.524,397.7415,29
TEC-PH-10002680,Samsung Galaxy Note 3,2155.902,153.9929999999999,13
TEC-PH-10002726,netTALK DUO VoIP Telephone Service,1112.788,430.418,26
TEC-PH-10002789,LG Exalt,1154.326,-212.1464,12
TEC-PH-10002807,Motorla HX550 Universal Bluetooth Headset,419.23,122.60499999999999,15
TEC-PH-10002817,RCA ViSYS 25425RE1 Corded phone,323.976,36.4473,3
TEC-PH-10002824,Jabra SPEAK 410 Multidevice Speakerphone,2018.702,10.299500000000009,13
TEC-PH-10002834,Google Nexus 5,3815.7880000000005,710.9605,23
TEC-PH-10002844,Speck Products Candyshell Flip Case,188.946,-18.1948,8
TEC-PH-10002885,Apple iPhone 5,12996.6,1611.5784,24
TEC-PH-10002890,AT&T 17929 Lendline Telephone,1339.104,167.388,35
TEC-PH-10002922,ShoreTel ShorePhone IP 230 VoIP phone,2906.628,422.475,21
TEC-PH-10002923,"Logitech B530 USB Headset - headset - Full size, Binaural",739.8,64.7325,25
TEC-PH-10003012,Nortel Meridian M3904 Professional Digital phone,4434.912,936.2591999999999,32
TEC-PH-10003072,Panasonic KX-TG9541B DECT 6.0 Digital 2-Line Expandable Cordless Phone With Digital Answering System,3059.7960000000003,1147.4235,25
TEC-PH-10003092,Motorola L804,607.068,-13.337100000000007,19
TEC-PH-10003095,Samsung HM1900 Bluetooth Headset,491.68,195.355,27
TEC-PH-10003171,Plantronics Encore H101 Dual Earpieces Headset,746.17,163.618,18
TEC-PH-10003174,RCA ViSYS 25825 Wireless digital phone,727.944,90.993,7
TEC-PH-10003187,Anker Astro Mini 3000mAh Ultra-Compact Portable Charger,147.926,-31.984,9
TEC-PH-10003215,Jackery Bar Premium Fast-charging Portable Charger,467.22,192.279,18
TEC-PH-10003273,AT&T TR1909W,1738.662,340.173,15
TEC-PH-10003356,"SmartStand Mobile Device Holder, Assorted Colors",75.49199999999999,10.0656,13
TEC-PH-10003357,Grandstream GXP2100 Mainstream Business Phone,596.6220000000001,45.894000000000005,10
TEC-PH-10003437,Blue Parrot B250XT Professional Grade Wireless Bluetooth Headset with,1229.836,127.483,21
TEC-PH-10003442,Samsung Replacement EH64AVFWE Premium Headset,104.5,17.875,21
TEC-PH-10003484,Ooma Telo VoIP Home Phone System,2015.8400000000001,314.975,18
TEC-PH-10003505,Geemarc AmpliPOWER60,3415.04,384.1919999999999,46
TEC-PH-10003535,RCA ViSYS 25423RE1 Corded phone,159.984,13.9986,2
TEC-PH-10003555,Motorola HK250 Universal Bluetooth Headset,832.238,-91.50019999999998,41
TEC-PH-10003580,Cisco IP Phone 7961G-GE VoIP phone,2252.432,-119.119,15
TEC-PH-10003589,invisibleSHIELD by ZAGG Smudge-Free Screen Protector,442.554,171.2648,29
TEC-PH-10003601,"Ativa D5772 2-Line 5.8GHz Digital Expandable Corded/Cordless Phone System with Answering & Caller ID/Call Waiting, Black/Silver",1979.88,593.964,12
TEC-PH-10003645,Aastra 57i VoIP phone,3684.708,575.3316,26
TEC-PH-10003655,Sannysis Cute Owl Design Soft Skin Case Cover for Samsung Galaxy S4,13.86,2.2967999999999997,8
TEC-PH-10003691,BlackBerry Q10,3099.354,548.0565,27
TEC-PH-10003800,i.Sound Portable Power - 8000 mAh,413.322,-58.8189,9
TEC-PH-10003811,Jabra Supreme Plus Driver Edition Headset,2159.82,259.1784,22
TEC-PH-10003875,KLD Oscar II Style Snap-on Ultra Thin Side Flip Synthetic Leather Cover Case for HTC One HTC M7,126.36,36.644400000000005,13
TEC-PH-10003885,Cisco SPA508G,910.662,207.86849999999998,15
TEC-PH-10003931,JBL Micro Wireless Portable Bluetooth Speaker,779.87,14.99750000000002,17
TEC-PH-10003963,GE 2-Jack Phone Line Splitter,1771.5140000000001,94.75540000000001,11
TEC-PH-10003988,"LF Elite 3D Dazzle Designer Hard Case Cover, Lf Stylus Pen and Wiper For Apple Iphone 5c Mini Lite",261.6,41.856,28
TEC-PH-10004006,Panasonic KX - TS880B Telephone,453.41999999999996,122.4234,11
TEC-PH-10004042,ClearOne Communications CHAT 70 OC Speaker Phone,1685.294,273.4628,12
TEC-PH-10004071,PayAnywhere Card Reader,199.8,17.4825,25
TEC-PH-10004080,Avaya 5410 Digital phone,625.508,-10.878400000000003,13
TEC-PH-10004093,Panasonic Kx-TS550,846.216,95.1993,23
TEC-PH-10004094,Motorola L703CM,4211.7300000000005,467.97,32
TEC-PH-10004100,Griffin GC17055 Auxiliary Audio Cable,395.78,46.0544,27
TEC-PH-10004120,AT&T 1080 Phone,1589.084,271.2402,13
TEC-PH-10004165,Mitel MiVoice 5330e IP Phone,7699.72,780.9716,34
TEC-PH-10004188,OtterBox Commuter Series Case - Samsung Galaxy S4,384.846,-55.9776,18
TEC-PH-10004241,Nokia Lumia 1020,1439.968,143.9968,4
TEC-PH-10004345,Cisco SPA 502G IP Phone,2063.14,299.875,21
TEC-PH-10004348,OtterBox Defender Series Case - iPhone 5c,133.128,3.6979999999999995,5
TEC-PH-10004389,Nokia Lumia 925,1310.296,284.7374,11
TEC-PH-10004434,Cisco IP Phone 7961G VoIP phone - Dark gray,1386.69,228.39600000000002,12
TEC-PH-10004447,Toshiba IPT2010-SD IP Telephone,3613.7400000000002,425.3094,31
TEC-PH-10004522,Dexim XPower Skin Super-Thin Power Case for iPhone 5 - Black,467.92,-14.622499999999985,11
TEC-PH-10004531,AT&T CL2909,755.9399999999999,50.395999999999994,8
TEC-PH-10004531,OtterBox Commuter Series Case - iPhone 5 & 5s,285.87,102.91319999999999,16
TEC-PH-10004536,Avaya 5420 Digital phone,1538.886,323.976,12
TEC-PH-10004539,Wireless Extenders zBoost YX545 SOHO Signal Booster,4044.3860000000004,733.2811999999999,24
TEC-PH-10004586,Wilson SignalBoost 841262 DB PRO Amplifier Kit,5327.26,1043.855,17
TEC-PH-10004614,AT&T 841000 Phone,1614.6,165.6,28
TEC-PH-10004667,Cisco 8x8 Inc. 6753i IP Business Phone System,2645.804,83.69379999999998,26
TEC-PH-10004700,PowerGen Dual USB Car Charger,127.87200000000001,52.3476,14
TEC-PH-10004774,Gear Head AU3700S Headset,189.654,-11.950800000000001,16
TEC-PH-10004830,Pyle PRT45 Retro Home Telephone,201.568,22.6764,4
TEC-PH-10004833,Macally Suction Cup Mount,279.63,-31.07,26
TEC-PH-10004875,PNY Rapid USB Car Charger - Black,9.588,-2.0774,2
TEC-PH-10004896,Nokia Lumia 521 (T-Mobile),515.828,83.97200000000001,20
TEC-PH-10004897,Mediabridge Sport Armband iPhone 5s,257.742,-38.961,30
TEC-PH-10004908,Panasonic KX TS3282W Corded phone,1665.804,178.47899999999998,25
TEC-PH-10004912,Cisco SPA112 2 Port Phone Adapter,516.53,87.37049999999999,11
TEC-PH-10004922,RCA Visys Integrated PBX 8-Line Router,1146.068,152.1705,27
TEC-PH-10004924,"SKILCRAFT Telephone Shoulder Rest, 2"" x 6.5"" x 2.5"", Black",56.163999999999994,13.006400000000001,8
TEC-PH-10004959,Classic Ivory Antique Telephone ZL1810,341.666,40.196,4
TEC-PH-10004977,GE 30524EE4,5291.7300000000005,838.8371999999997,32
